"","fbus","tbus","criticality"
"1",NA,NA,0.879
"2",1001,1064,0.876
"3",1001,1064,0.873
"4",1001,1071,0.862
"5",1001,1071,0.86
"6",1002,1007,0.859
"7",1010,1002,0.862
"8",1004,1003,0.861
"9",1022,1003,0.877
"10",1055,1003,0.864
"11",1004,3133,0.903
"12",1006,1005,0.873563
"13",1025,1005,0.871
"14",1005,1061,0.842
"15",1067,1005,0.874
"16",1007,1015,0.864
"17",1031,1007,0.832
"18",1009,1008,0.895552
"19",1008,1032,0.844
"20",1008,1069,0.849
"21",1011,1010,0.8565715
"22",1010,1015,0.859
"23",1010,1030,0.884
"24",1012,1087,0.824
"25",3051,1012,0.829
"26",1013,1031,0.83
"27",1047,1013,0.804
"28",1086,1013,0.846
"29",1014,1047,0.775
"30",1014,1083,0.808
"31",1016,1034,0.888
"32",1068,1016,0.88
"33",1018,1017,0.643
"34",1017,1029,0.918
"35",1037,1017,0.982
"36",1047,1017,0.899
"37",1024,1018,0.661
"38",1019,1040,0.808
"39",1019,1045,0.855
"40",1019,1071,0.848
"41",1071,1019,0.863
"42",1019,1084,0.852
"43",1021,1020,0.843578
"44",1025,1020,0.902
"45",1084,1020,0.851
"46",1020,3059,0.902
"47",1020,3130,0.87
"48",1023,1022,0.863568
"49",1022,1028,0.859
"50",1022,1028,0.859
"51",1024,1090,0.315
"52",1026,1025,0.8585705
"53",1027,1045,0.881
"54",1056,1027,0.88
"55",1028,3109,0.866
"56",1029,1056,0.772
"57",1030,1038,0.86
"58",1083,1030,0.863
"59",1033,1032,0.767
"60",1032,1036,0.877
"61",1038,1032,0.768
"62",1033,1081,0.869
"63",1033,3050,0.681
"64",1035,1034,0.843578
"65",1067,1034,0.8
"66",1088,1036,0.878
"67",1037,1071,0.999
"68",1039,1038,0.9385305
"69",1082,1038,0.87
"70",1083,1038,0.891
"71",1040,1090,0.784
"72",1042,1041,0.851574
"73",1043,1041,0.8505745
"74",1065,1041,0.863
"75",1041,1067,0.897
"76",1044,3019,0.896
"77",3130,1044,0.899
"78",1045,1064,0.865
"79",1087,1046,0.798
"80",1046,3009,0.807
"81",1048,1047,0.9995
"82",1049,1047,0.9995
"83",1050,1047,0.957521
"84",1051,1047,0.955522
"85",1052,1047,0.9645175
"86",1053,1047,0.099
"87",1047,1085,0.553
"88",1053,1081,0.009
"89",1054,1056,0.87
"90",1089,1054,0.898
"91",1055,1089,0.854
"92",1057,1056,0.823588
"93",1056,1061,0.841
"94",1056,1065,0.364
"95",1059,1058,0.8625685
"96",1060,1058,0.845577
"97",1069,1058,0.845
"98",1069,1058,0.868
"99",1058,1087,0.84
"100",1058,1087,0.84
"101",1062,1061,0.8585705
"102",1063,1061,0.8265865
"103",1061,3042,0.741
"104",1066,1065,0.833583
"105",1088,1068,0.833
"106",1070,1069,0.9145425
"107",1082,1069,0.802
"108",1072,1071,0.8405795
"109",1073,1071,0.817591
"110",1074,1071,0.825587
"111",1075,1071,0.8325835
"112",1076,1071,0.821589
"113",1077,1071,0.83958
"114",1078,1071,0.845577
"115",1079,1071,0.553
"116",1080,1071,0.8445775
"117",1081,1071,0.359
"118",3048,1079,0.893
"119",3048,1079,0.887
"120",1081,3058,0.594
"121",1084,3130,0.84
"122",1085,1086,0.884
"123",1090,1085,0.49
"124",2029,1091,0.875
"125",1091,2048,0.843
"126",2098,1091,0.861
"127",2022,2001,0.878
"128",2027,2001,0.876
"129",2003,2002,0.868
"130",2004,2002,0.853573
"131",2005,2002,0.83958
"132",2006,2002,0.8505745
"133",2021,2002,0.863
"134",2002,2101,0.868
"135",2038,2003,0.861
"136",2003,2047,0.863
"137",2007,2114,0.869
"138",2007,2122,0.854
"139",2014,2008,0.876
"140",2008,2052,0.853
"141",2009,2049,0.862
"142",2009,2082,0.862
"143",2109,2009,0.857
"144",2061,2010,0.848
"145",2010,2079,0.851
"146",2010,2091,0.867
"147",2012,2011,0.881
"148",2013,2011,0.863568
"149",2127,2011,0.862
"150",2012,2041,0.844
"151",2012,2052,0.877
"152",2093,2012,0.859
"153",2012,2123,0.867
"154",2014,2029,0.898
"155",2015,2037,0.872
"156",5014,2015,0.835
"157",2043,2016,0.861
"158",2069,2016,0.862
"159",2018,2017,0.85
"160",2019,2017,0.8745625
"161",2017,2096,0.872
"162",2017,2127,0.849
"163",2018,2093,0.857
"164",2045,2020,0.866
"165",2055,2020,0.866
"166",2022,2021,0.888
"167",2023,2021,0.8585705
"168",2024,2021,0.8425785
"169",2113,2021,0.848
"170",2022,2040,0.853
"171",2064,2022,0.874
"172",2025,2055,0.882
"173",2067,2025,0.844
"174",2058,2026,0.856
"175",2128,2026,0.877
"176",2027,2090,0.862
"177",2028,2045,0.863
"178",2028,2109,0.853
"179",2112,2028,0.869
"180",2030,2106,0.851
"181",2122,2030,0.858
"182",2031,2048,0.854
"183",2031,2087,0.831
"184",2032,2114,0.851
"185",2122,2032,0.858
"186",2129,2033,0.856
"187",2033,5288,0.852
"188",2034,2043,0.854
"189",2046,2034,0.875
"190",2035,2066,0.87
"191",2035,2091,0.861
"192",2036,2055,0.837
"193",2036,2082,0.878
"194",2037,2065,0.866
"195",2110,2037,0.884
"196",2081,2038,0.877
"197",2039,2086,0.87
"198",5285,2039,0.854
"199",2039,5455,0.872
"200",2040,2114,0.856
"201",2121,2040,0.862
"202",2042,2041,0.861569
"203",2041,2058,0.872
"204",2065,2044,0.86
"205",2044,2102,0.845
"206",2063,2046,0.862
"207",2092,2047,0.866
"208",2079,2048,0.854
"209",2049,2061,0.873
"210",2090,2050,0.868
"211",2050,5268,0.844
"212",2080,2051,0.868
"213",2051,2112,0.84
"214",5285,2053,0.878
"215",2053,5362,0.863
"216",2055,2054,0.856
"217",2055,2054,0.869
"218",2056,2054,0.867566
"219",2057,2054,0.875562
"220",2127,2054,0.862
"221",2054,5236,0.844
"222",2059,2058,0.8625685
"223",2123,2058,0.867
"224",2060,2064,0.863
"225",5136,2060,0.876
"226",2062,2061,0.8625685
"227",2092,2063,0.867
"228",2126,2065,0.861
"229",2073,2066,0.854
"230",2068,2067,0.867
"231",2068,2088,0.868
"232",2069,2072,0.86
"233",2069,5074,0.869
"234",2071,2070,0.8705645
"235",2088,2070,0.873
"236",2070,5237,0.864
"237",2072,2102,0.867
"238",2074,2073,0.866
"239",2076,2073,0.847576
"240",2087,2073,0.88
"241",2073,3079,0.859
"242",2075,2074,0.869565
"243",3115,2074,0.881
"244",2078,2077,0.85957
"245",2077,2110,0.866
"246",2077,2133,0.865
"247",2086,2080,0.867
"248",2133,2080,0.889
"249",2081,2129,0.875
"250",2083,2082,0.8545725
"251",2084,2082,0.863568
"252",2085,2082,0.85957
"253",2089,2088,0.867566
"254",2090,2121,0.859
"255",2094,2093,0.847576
"256",2095,2093,0.867566
"257",2097,2096,0.882
"258",2099,2096,0.8645675
"259",2100,2096,0.85957
"260",2098,2097,0.868
"261",2097,3096,0.884
"262",2102,2101,0.871
"263",2103,2101,0.863568
"264",2104,2101,0.847576
"265",2105,2101,0.847576
"266",2101,5083,0.863
"267",2102,2107,0.863
"268",2124,2106,0.857
"269",2106,2129,0.861
"270",2107,2125,0.876
"271",2130,2108,0.865
"272",5472,2108,0.862
"273",2111,5187,0.857
"274",2111,5472,0.874
"275",2114,2113,0.865
"276",2115,2113,0.8705645
"277",2116,2113,0.849575
"278",2117,2113,0.855572
"279",2118,2113,0.845577
"280",2119,2113,0.8765615
"281",2120,2113,0.83958
"282",5049,2113,0.877
"283",2113,8126,0.86
"284",5450,2124,0.859
"285",2125,5078,0.864
"286",2125,5215,0.839
"287",2126,5220,0.858
"288",2128,2127,0.86
"289",2127,5164,0.882
"290",2129,5141,0.847
"291",2131,2130,0.866
"292",2132,2131,0.8645675
"293",3021,2131,0.869
"294",3002,3001,0.864
"295",3002,3001,0.87
"296",3001,6177,0.854
"297",6285,3001,0.863
"298",3002,3107,0.874
"299",3004,3003,0.865567
"300",3003,3103,0.871
"301",3141,3003,0.868
"302",3005,3052,0.864
"303",3126,3005,0.86
"304",3006,3049,0.841
"305",3145,3006,0.876
"306",3007,3013,0.858
"307",3007,3137,0.867
"308",3007,3145,0.878
"309",3008,3036,0.868
"310",3140,3008,0.865
"311",3143,3008,0.874
"312",3009,3024,0.865
"313",3146,3009,0.843
"314",3010,3076,0.866
"315",3093,3010,0.845
"316",3011,3012,0.849
"317",3011,3124,0.853
"318",3012,6226,0.861
"319",3013,3077,0.86
"320",3014,3124,0.87
"321",6212,3014,0.846
"322",3015,3121,0.857
"323",3015,3127,0.854
"324",3015,3128,0.851
"325",3017,3016,0.867566
"326",3016,3083,0.86
"327",3016,3103,0.858
"328",3016,3131,0.844
"329",3139,3016,0.868
"330",3019,3018,0.868
"331",3019,3018,0.87
"332",3020,3018,0.8785605
"333",3018,3050,0.887
"334",3018,3058,0.887
"335",3024,3019,0.842
"336",3114,3019,0.865
"337",3114,3019,0.868
"338",3049,3021,0.865
"339",5397,3021,0.87
"340",3033,3022,0.852
"341",3085,3022,0.86
"342",3049,3023,0.848
"343",3023,3067,0.872
"344",3023,3115,0.869
"345",3035,3025,0.868
"346",3025,3036,0.856
"347",3025,3101,0.833
"348",3027,3026,0.861
"349",3028,3026,0.8365815
"350",3026,5395,0.85
"351",3027,3102,0.842
"352",3147,3029,0.865
"353",3029,5241,0.856
"354",3030,3072,0.869
"355",3114,3030,0.862
"356",3054,3031,0.856
"357",3031,3070,0.846
"358",3031,3140,0.874
"359",3032,3094,0.863
"360",3099,3032,0.864
"361",3034,3033,0.8565715
"362",3136,3033,0.849
"363",3035,3066,0.871
"364",3036,3066,0.84
"365",3038,3037,0.87
"366",3039,3037,0.847576
"367",3078,3037,0.887
"368",3037,3088,0.866
"369",3038,3080,0.882
"370",3085,3038,0.855
"371",3072,3040,0.862
"372",3139,3040,0.891
"373",3042,3041,0.879
"374",3043,3041,0.8625685
"375",3044,3041,0.8865565
"376",3045,3041,0.8725635
"377",3041,3046,0.727
"378",3041,3058,0.796
"379",3042,3064,0.865
"380",3111,3042,0.839
"381",3047,3046,0.853
"382",3048,3046,0.833
"383",3048,3046,0.811
"384",3046,3078,0.871
"385",3082,3046,0.829
"386",3047,3064,0.848
"387",3129,3047,0.873
"388",3048,5045,0.881
"389",3048,5045,0.866
"390",3048,5120,0.894
"391",3048,5394,0.857
"392",3051,3050,0.855
"393",3051,3050,0.869
"394",4014,3050,0.634
"395",3052,3093,0.87
"396",3052,3107,0.873
"397",3054,3053,0.883
"398",3055,3053,0.8705645
"399",3056,3053,0.889555
"400",3057,3053,0.851574
"401",3058,3053,0.747
"402",3082,3053,0.837
"403",3053,3088,0.835
"404",3053,3088,0.852
"405",3059,3058,0.887
"406",3060,3058,0.85957
"407",3061,3058,0.8525735
"408",3062,3058,0.861569
"409",3063,3058,0.881559
"410",3059,3111,0.873
"411",3065,3064,0.865567
"412",3064,3141,0.864
"413",3066,3142,0.828
"414",3068,3067,0.853573
"415",3067,3070,0.873
"416",3067,3094,0.863
"417",3067,3141,0.874
"418",3069,3077,0.868
"419",3069,3140,0.858
"420",3071,3070,0.8565715
"421",3070,3131,0.847
"422",3142,3072,0.869
"423",3074,3073,0.871564
"424",3073,3076,0.873
"425",3123,3073,0.855
"426",3073,4002,0.853
"427",3132,3075,0.837
"428",3075,3138,0.883
"429",3077,3099,0.866
"430",3077,3131,0.857
"431",3079,3078,0.868
"432",3081,3078,0.8745625
"433",3078,3133,0.615
"434",3080,3079,0.862
"435",3134,3079,0.863
"436",3083,3082,0.864
"437",3084,3082,0.8625685
"438",3137,3083,0.863
"439",3086,3085,0.8345825
"440",3087,3085,0.853573
"441",3085,3128,0.883
"442",3089,3088,0.869
"443",3092,3088,0.865567
"444",5395,3088,0.867
"445",5395,3088,0.834
"446",3090,3089,0.862
"447",3089,5334,0.849
"448",3091,3090,0.858
"449",3102,3091,0.877
"450",3091,3125,0.85
"451",3095,3094,0.8585705
"452",3137,3094,0.868
"453",3097,3096,0.867
"454",3097,3096,0.874
"455",3098,3096,0.8485755
"456",3133,3096,0.836
"457",3109,3097,0.873
"458",3099,3100,0.862
"459",3100,3102,0.868
"460",3125,3100,0.883
"461",3104,3101,0.866
"462",6360,3101,0.868
"463",3105,3104,0.8705645
"464",3106,3104,0.8765615
"465",6156,3104,0.153
"466",3108,3147,0.862
"467",3108,6065,0.858
"468",3110,3109,0.8745625
"469",3112,3111,0.8565715
"470",3113,3111,0.849575
"471",3116,3115,0.869
"472",3117,3116,0.851574
"473",3118,3116,0.8525735
"474",3116,3136,0.855
"475",3120,3119,0.8465765
"476",4002,3119,0.853
"477",4188,3119,0.866
"478",3122,3121,0.863568
"479",3121,3129,0.856
"480",3121,3145,0.877
"481",3126,3123,0.861
"482",6286,3124,0.867
"483",3126,6059,0.851
"484",3141,3127,0.886
"485",3132,3144,0.869
"486",3134,3133,0.867
"487",3135,3134,0.849
"488",3136,3135,0.873
"489",3138,3142,0.84
"490",3138,3146,0.824
"491",3144,3143,0.887
"492",4003,4040,0.872
"493",4103,4003,0.863
"494",4103,4003,0.874
"495",4128,4003,0.858
"496",4005,4004,0.862
"497",4014,4004,0.828
"498",4113,4004,0.851
"499",4022,4005,0.855
"500",4114,4005,0.845
"501",4006,4011,0.855
"502",4006,4197,0.865
"503",4007,4027,0.868
"504",4007,4034,0.863
"505",4007,4122,0.863
"506",4008,6112,0.864
"507",6155,4008,0.879
"508",4008,6346,0.861
"509",4010,4009,0.844
"510",4010,4009,0.86
"511",4152,4009,0.852
"512",4152,4009,0.845
"513",4165,4009,0.849
"514",4165,4009,0.883
"515",4011,4185,0.87
"516",4034,4012,0.867
"517",4012,4103,0.869
"518",4012,4121,0.872
"519",4012,4171,0.867
"520",4013,4089,0.884
"521",4107,4013,0.859
"522",4013,4122,0.873
"523",4015,4014,0.85
"524",4015,4014,0.859
"525",4014,4131,0.867
"526",4188,4015,0.873
"527",4016,4023,0.847
"528",4117,4016,0.866
"529",4081,4017,0.845
"530",4081,4017,0.855
"531",4017,4087,0.866
"532",4017,4123,0.878
"533",4018,4037,0.856
"534",4149,4018,0.86
"535",4019,4067,0.863
"536",4019,4067,0.86
"537",4019,4121,0.853
"538",4051,4020,0.873
"539",4051,4020,0.878
"540",4020,4123,0.87
"541",4150,4020,0.888
"542",4150,4020,0.859
"543",4089,4021,0.881
"544",4021,4167,0.869
"545",4187,4022,0.857
"546",6112,4023,0.841
"547",4025,4024,0.865
"548",4026,4024,0.866
"549",4026,4024,0.875
"550",4131,4024,0.857
"551",6263,4024,0.858
"552",4025,4117,0.872
"553",4027,4088,0.867
"554",4027,4088,0.873
"555",4029,4028,0.868
"556",4029,4028,0.867
"557",4030,4028,0.871
"558",4030,4028,0.881
"559",4030,4028,0.878
"560",4028,7043,0.873
"561",4028,7274,0.86
"562",4028,7274,0.856
"563",4029,6253,0.86
"564",7275,4029,0.854
"565",4031,4043,0.863
"566",4147,4031,0.854
"567",4051,4032,0.878
"568",4141,4032,0.857
"569",4033,4101,0.843
"570",4033,4147,0.869
"571",4033,4147,0.885
"572",4033,4190,0.871
"573",4034,4154,0.876
"574",4064,4035,0.849
"575",4035,4150,0.886
"576",4132,4036,0.85
"577",4036,4189,0.866
"578",4037,4054,0.879
"579",4099,4037,0.882
"580",4054,4038,0.854
"581",4038,4125,0.858
"582",4038,4178,0.871
"583",4040,4039,0.862
"584",4040,4039,0.867
"585",4073,4039,0.872
"586",4073,4039,0.879
"587",4039,4151,0.851
"588",4039,4151,0.845
"589",4039,4151,0.85
"590",4074,4040,0.863
"591",4074,4040,0.858
"592",4074,4040,0.872
"593",4079,4040,0.877
"594",4079,4040,0.854
"595",4079,4040,0.874
"596",4042,4041,0.861
"597",4042,4041,0.858
"598",4042,4041,0.857
"599",4073,4041,0.851
"600",4073,4041,0.87
"601",4088,4042,0.866
"602",4088,4042,0.877
"603",4107,4042,0.842
"604",4107,4042,0.848
"605",4043,4119,0.864
"606",4045,4044,0.8605695
"607",4046,4044,0.873563
"608",4047,4044,0.865567
"609",4044,4119,0.856
"610",4185,4044,0.861
"611",4048,4154,0.871
"612",4048,4155,0.86
"613",4048,4155,0.844
"614",4050,4049,0.861
"615",4050,4049,0.854
"616",4086,4049,0.847
"617",4049,4194,0.863
"618",4049,4194,0.866
"619",4052,4051,0.8705645
"620",4127,4051,0.848
"621",4053,4152,0.867
"622",4053,4152,0.842
"623",4053,4191,0.867
"624",4053,4191,0.863
"625",4055,4078,0.874
"626",4055,4078,0.872
"627",4055,4109,0.853
"628",4055,4145,0.856
"629",4055,4145,0.865
"630",4057,4056,0.865
"631",4058,4056,0.8845575
"632",4059,4056,0.8765615
"633",4060,4056,0.8665665
"634",4061,4056,0.845577
"635",4062,4056,0.865567
"636",4063,4056,0.847576
"637",4056,4158,0.842
"638",4056,4181,0.87
"639",4108,4057,0.867
"640",4108,4057,0.883
"641",4057,4145,0.874
"642",4057,4145,0.849
"643",4065,4064,0.8625685
"644",4069,4064,0.885
"645",4064,4099,0.872
"646",4064,4099,0.863
"647",4064,4104,0.86
"648",4064,4104,0.872
"649",4066,4068,0.845
"650",4066,4107,0.845
"651",4066,4107,0.861
"652",4111,4067,0.872
"653",4194,4067,0.847
"654",4194,4067,0.844
"655",4194,4067,0.874
"656",4068,4103,0.882
"657",4068,4186,0.849
"658",4069,4072,0.85
"659",4071,4070,0.865
"660",4071,4070,0.857
"661",4070,4183,0.861
"662",4070,4192,0.858
"663",4070,4192,0.881
"664",4106,4071,0.871
"665",4072,4156,0.859
"666",4072,4168,0.86
"667",4072,4168,0.864
"668",4074,4073,0.861
"669",4074,4073,0.869
"670",4075,4073,0.857571
"671",4076,4073,0.873563
"672",4077,4073,0.875562
"673",4146,4073,0.848
"674",4073,4183,0.865
"675",4192,4073,0.888
"676",4155,4074,0.852
"677",4120,4078,0.879
"678",4078,4180,0.843
"679",4079,4157,0.864
"680",4079,4157,0.852
"681",4081,4080,0.84
"682",4081,4080,0.868
"683",4082,4080,0.861569
"684",4083,4080,0.8525735
"685",4084,4080,0.85957
"686",4085,4080,0.867566
"687",4140,4080,0.839
"688",4080,4151,0.854
"689",4080,4181,0.883
"690",4183,4080,0.872
"691",4086,4106,0.847
"692",4110,4086,0.868
"693",4156,4087,0.87
"694",4090,4089,0.849575
"695",4091,4089,0.853573
"696",4092,4089,0.857571
"697",4093,4089,0.8425785
"698",4094,4089,0.857571
"699",4095,4089,0.873563
"700",4096,4089,0.857571
"701",4097,4089,0.85957
"702",4098,4089,0.867566
"703",4089,4194,0.854
"704",4169,4099,0.874
"705",4169,4099,0.869
"706",4100,4120,0.863
"707",4150,4100,0.876
"708",4150,4100,0.87
"709",4168,4100,0.852
"710",4168,4100,0.854
"711",4168,4100,0.879
"712",4175,4101,0.859
"713",4197,4101,0.874
"714",4126,4102,0.877
"715",4126,4102,0.869
"716",4102,4171,0.855
"717",4102,4171,0.859
"718",4105,4104,0.851
"719",4105,4104,0.859
"720",4145,4104,0.866
"721",4170,4108,0.852
"722",4109,4156,0.843
"723",4110,4171,0.874
"724",4186,4111,0.837
"725",4124,4112,0.845
"726",4124,4112,0.846
"727",4112,4141,0.873
"728",4112,4141,0.861
"729",4114,4113,0.857
"730",4115,4113,0.8645675
"731",4116,4113,0.8825585
"732",4146,4113,0.871
"733",4190,4114,0.874
"734",4190,4114,0.867
"735",4117,4172,0.869
"736",4139,4118,0.86
"737",4148,4118,0.839
"738",4164,4119,0.875
"739",4122,4157,0.856
"740",4122,4157,0.874
"741",4123,4180,0.877
"742",4128,4124,0.853
"743",4128,4124,0.858
"744",6264,4125,0.861
"745",4193,4126,0.846
"746",4193,4126,0.86
"747",4193,4126,0.872
"748",4144,4127,0.887
"749",4129,4130,0.862
"750",4129,4176,0.853
"751",4130,4179,0.85
"752",4132,4131,0.869
"753",4132,4131,0.835
"754",4133,4131,0.875562
"755",4134,4131,0.883558
"756",4135,4131,0.843578
"757",4136,4131,0.8685655
"758",4137,4131,0.863568
"759",4138,4131,0.8565715
"760",4131,6308,0.861
"761",4132,4143,0.844
"762",6357,4132,0.846
"763",4139,4144,0.854
"764",4139,4169,0.859
"765",4141,4140,0.861
"766",4142,4140,0.857571
"767",4140,4151,0.857
"768",4140,4196,0.871
"769",4141,4165,0.865
"770",4189,4143,0.87
"771",4147,4146,0.869
"772",4146,4196,0.866
"773",4146,4196,0.862
"774",4148,4179,0.854
"775",4173,4149,0.832
"776",4149,4182,0.866
"777",4152,4151,0.863
"778",4152,4151,0.867
"779",4153,4151,0.8645675
"780",4151,4158,0.868
"781",4164,4155,0.866
"782",4159,4158,0.859
"783",4159,4158,0.877
"784",4160,4158,0.877561
"785",4161,4158,0.853573
"786",4162,4158,0.8625685
"787",4163,4158,0.8545725
"788",4159,4168,0.856
"789",4159,4168,0.866
"790",4159,4168,0.868
"791",4159,4168,0.874
"792",4166,4165,0.861
"793",4166,4165,0.865
"794",4186,4167,0.868
"795",4180,4170,0.845
"796",6221,4172,0.872
"797",4172,6346,0.867
"798",7030,4173,0.858
"799",6015,4174,0.858
"800",6276,4174,0.849
"801",4176,4175,0.873
"802",4177,4176,0.867
"803",4177,4176,0.866
"804",4178,6253,0.845
"805",4182,4181,0.842
"806",7274,4181,0.852
"807",4184,4183,0.868
"808",4191,4184,0.866
"809",4191,4184,0.848
"810",4184,4194,0.849
"811",4184,4194,0.864
"812",4187,4189,0.862
"813",4193,4192,0.865
"814",4193,4192,0.858
"815",4193,4192,0.881
"816",4196,4195,0.885
"817",4195,6239,0.897
"818",4197,4196,0.876
"819",5003,5181,0.87
"820",5213,5003,0.866
"821",5003,5436,0.847
"822",5004,5426,0.847
"823",5476,5004,0.849
"824",5133,5005,0.864
"825",5005,5435,0.873
"826",5006,5072,0.875
"827",5006,5072,0.865
"828",5006,5072,0.868
"829",5289,5006,0.857
"830",5289,5006,0.854
"831",5006,5294,0.873
"832",5007,5012,0.872
"833",5165,5007,0.866
"834",5134,5008,0.859
"835",5347,5008,0.887
"836",5396,5008,0.841
"837",5294,5009,0.873
"838",5311,5009,0.87
"839",5482,5009,0.852
"840",5010,5096,0.886
"841",5010,5096,0.863
"842",5386,5010,0.866
"843",5386,5010,0.867
"844",5011,5054,0.854
"845",8084,5011,0.842
"846",5012,5017,0.856
"847",5013,5101,0.855
"848",5156,5013,0.866
"849",5013,5226,0.866
"850",5014,5455,0.87
"851",5016,5015,0.877
"852",5016,5015,0.878
"853",5063,5015,0.844
"854",5015,5164,0.847
"855",5361,5015,0.856
"856",5015,5479,0.872
"857",5265,5016,0.865
"858",5265,5016,0.868
"859",5265,5016,0.83
"860",5420,5016,0.865
"861",5420,5016,0.862
"862",5218,5017,0.854
"863",5017,5315,0.876
"864",5019,5018,0.862
"865",5020,5018,0.8545725
"866",5055,5018,0.856
"867",5018,5236,0.847
"868",5018,5236,0.863
"869",5018,5413,0.863
"870",5019,5176,0.869
"871",5022,5021,0.863
"872",5022,5021,0.886
"873",5023,5021,0.881559
"874",5021,5401,0.874
"875",5021,5413,0.866
"876",5479,5021,0.856
"877",5249,5022,0.832
"878",5249,5022,0.856
"879",5306,5022,0.857
"880",5306,5022,0.871
"881",5022,5441,0.86
"882",5022,5441,0.867
"883",5140,5024,0.86
"884",5024,5182,0.863
"885",5452,5024,0.866
"886",5453,5025,0.865
"887",5453,5025,0.854
"888",5025,5473,0.858
"889",5025,5473,0.859
"890",5026,5104,0.858
"891",5026,5104,0.871
"892",5026,5375,0.855
"893",5027,5098,0.861
"894",5027,5469,0.864
"895",5027,5469,0.883
"896",5027,5481,0.862
"897",5097,5028,0.869
"898",5097,5028,0.873
"899",5028,5233,0.852
"900",5028,5478,0.867
"901",5029,5142,0.872
"902",5461,5029,0.855
"903",5312,5030,0.863
"904",5030,5430,0.868
"905",5031,5296,0.84
"906",5408,5031,0.856
"907",5032,5090,0.865
"908",5214,5032,0.875
"909",5032,5228,0.874
"910",5032,5228,0.835
"911",5329,5032,0.84
"912",5034,5033,0.866
"913",5035,5033,0.867566
"914",5036,5033,0.8545725
"915",5037,5033,0.857571
"916",5038,5033,0.881559
"917",5039,5033,0.847576
"918",5040,5033,0.8525735
"919",5041,5033,0.8665665
"920",5042,5033,0.8365815
"921",5033,5047,0.868
"922",5033,5350,0.859
"923",5033,5384,0.867
"924",5034,5313,0.872
"925",5034,5313,0.851
"926",5034,5313,0.873
"927",5371,5034,0.863
"928",5043,5152,0.858
"929",5043,5284,0.856
"930",5044,5153,0.869
"931",5044,5153,0.863
"932",5185,5044,0.864
"933",5185,5044,0.859
"934",5046,5045,0.863
"935",5045,5120,0.866
"936",5260,5045,0.867
"937",5413,5045,0.869
"938",5286,5046,0.845
"939",5048,5047,0.868
"940",5047,5179,0.862
"941",5047,5260,0.847
"942",5047,5444,0.878
"943",5480,5048,0.857
"944",5480,5048,0.876
"945",5480,5048,0.877
"946",5480,5048,0.856
"947",5050,5049,0.869
"948",5051,5049,0.849575
"949",5052,5049,0.84
"950",5049,5304,0.853
"951",5049,5350,0.86
"952",5049,8074,0.868
"953",8126,5049,0.876
"954",5454,5050,0.869
"955",5454,5050,0.863
"956",5052,8038,0.846
"957",5052,8124,0.883
"958",5173,5053,0.866
"959",5173,5053,0.852
"960",5053,5357,0.876
"961",5053,5357,0.87
"962",5054,5223,0.864
"963",5056,5055,0.866
"964",5057,5055,0.865567
"965",5058,5055,0.8425785
"966",5055,5196,0.864
"967",5187,5056,0.87
"968",5197,5056,0.855
"969",5060,5059,0.847
"970",5059,5426,0.874
"971",8148,5059,0.85
"972",5061,5060,0.867132
"973",5060,8065,0.864
"974",5062,5061,0.85957
"975",5064,5063,0.86
"976",5064,5063,0.869
"977",5065,5063,0.855572
"978",5066,5063,0.877561
"979",5067,5063,0.8585705
"980",5068,5063,0.8505745
"981",5069,5063,0.861569
"982",5063,5304,0.888
"983",5322,5063,0.837
"984",5063,5401,0.871
"985",5064,5125,0.859
"986",5064,5125,0.857
"987",5064,5125,0.871
"988",5064,5125,0.855
"989",5143,5064,0.846
"990",5143,5064,0.86
"991",5143,5064,0.859
"992",5070,5128,0.859
"993",5425,5070,0.858
"994",5138,5071,0.849
"995",5071,5359,0.866
"996",5103,5072,0.862
"997",5103,5072,0.864
"998",5103,5072,0.861
"999",5103,5072,0.883
"1000",5103,5072,0.865
"1001",5116,5072,0.879
"1002",5116,5072,0.866
"1003",5121,5073,0.855
"1004",5484,5073,0.862
"1005",5074,5147,0.851
"1006",5074,5331,0.861
"1007",5075,5267,0.864
"1008",5075,5377,0.85
"1009",5077,5076,0.87
"1010",5227,5076,0.86
"1011",8108,5077,0.866
"1012",5160,5078,0.856
"1013",5079,5138,0.855
"1014",5079,5138,0.871
"1015",5378,5079,0.857
"1016",5142,5080,0.864
"1017",5080,5328,0.854
"1018",5081,5163,0.861
"1019",5221,5081,0.856
"1020",5081,5377,0.875
"1021",5082,5086,0.869
"1022",5082,5330,0.872
"1023",5082,5440,0.853
"1024",5084,5083,0.873
"1025",5083,5295,0.871
"1026",5083,5322,0.861
"1027",5083,5464,0.852
"1028",5357,5084,0.861
"1029",5357,5084,0.87
"1030",5357,5084,0.871
"1031",5157,5085,0.86
"1032",5085,5468,0.864
"1033",5086,5177,0.873
"1034",5086,5210,0.865
"1035",5086,5447,0.846
"1036",5257,5087,0.848
"1037",5087,5345,0.859
"1038",5087,5348,0.878
"1039",5089,5088,0.8585705
"1040",5088,5290,0.869
"1041",5088,5393,0.859
"1042",5090,5122,0.859
"1043",5090,5230,0.862
"1044",5090,5311,0.887
"1045",5171,5091,0.882
"1046",5091,5257,0.858
"1047",5092,5186,0.842
"1048",5453,5092,0.862
"1049",5475,5092,0.873
"1050",5093,5291,0.868
"1051",5332,5093,0.868
"1052",5093,5434,0.872
"1053",5093,5434,0.847
"1054",5094,5381,0.853
"1055",5485,5094,0.881
"1056",5277,5095,0.873
"1057",5341,5095,0.855
"1058",5305,5096,0.864
"1059",5305,5096,0.858
"1060",5305,5096,0.865
"1061",5096,5412,0.867
"1062",5097,5125,0.882
"1063",5097,5125,0.883
"1064",5098,5453,0.865
"1065",5098,5475,0.859
"1066",5099,5195,0.864
"1067",5099,5339,0.869
"1068",5229,5100,0.847
"1069",5229,5100,0.865
"1070",5250,5100,0.864
"1071",5250,5100,0.878
"1072",5250,5100,0.855
"1073",5100,5352,0.858
"1074",5100,5352,0.864
"1075",5231,5101,0.856
"1076",5103,5102,0.848
"1077",5103,5102,0.864
"1078",5102,5304,0.876
"1079",5384,5102,0.888
"1080",5464,5102,0.878
"1081",5103,5130,0.859
"1082",5103,5130,0.866
"1083",5104,5199,0.872
"1084",5447,5104,0.895
"1085",5447,5104,0.859
"1086",5104,5480,0.841
"1087",5104,5480,0.875
"1088",5104,5480,0.855
"1089",5104,5480,0.855
"1090",5106,5105,0.8605695
"1091",5107,5105,0.8585705
"1092",5105,5148,0.869
"1093",5105,5253,0.851
"1094",5105,5422,0.865
"1095",5108,5266,0.843
"1096",5108,5266,0.866
"1097",5108,5353,0.861
"1098",5108,5353,0.861
"1099",5449,5108,0.853
"1100",5449,5108,0.861
"1101",5449,5108,0.857
"1102",5274,5109,0.859
"1103",5109,5333,0.842
"1104",5176,5110,0.863
"1105",5110,5200,0.867
"1106",5203,5111,0.859
"1107",5111,5289,0.874
"1108",5111,5289,0.858
"1109",5111,5372,0.868
"1110",5112,5133,0.848
"1111",5191,5112,0.868
"1112",5112,5246,0.864
"1113",5286,5112,0.845
"1114",5113,5195,0.854
"1115",5113,5218,0.872
"1116",5220,5113,0.847
"1117",5219,5114,0.848
"1118",5114,5222,0.865
"1119",5227,5114,0.85
"1120",5115,5421,0.856
"1121",5454,5115,0.864
"1122",5116,5224,0.882
"1123",5116,5224,0.87
"1124",5117,5216,0.871
"1125",5117,5409,0.858
"1126",5334,5118,0.854
"1127",5347,5118,0.862
"1128",5118,5456,0.863
"1129",5119,5205,0.857
"1130",5337,5119,0.866
"1131",5121,5120,0.871
"1132",5120,5239,0.896
"1133",5122,5252,0.866
"1134",5122,5308,0.865
"1135",5124,5123,0.853
"1136",5159,5123,0.846
"1137",8157,5124,0.853
"1138",5125,5330,0.857
"1139",5125,5330,0.85
"1140",5126,5252,0.856
"1141",5126,5309,0.866
"1142",5126,5386,0.87
"1143",5191,5127,0.852
"1144",5127,5231,0.863
"1145",5314,5127,0.888
"1146",5128,5214,0.864
"1147",5128,5467,0.865
"1148",5226,5129,0.867
"1149",5129,5240,0.867
"1150",5173,5130,0.874
"1151",5173,5130,0.874
"1152",5132,5131,0.859
"1153",5131,5279,0.867
"1154",5131,5410,0.86
"1155",5131,6107,0.856
"1156",5163,5132,0.852
"1157",5155,5134,0.868
"1158",5155,5135,0.878
"1159",5169,5135,0.867
"1160",5135,5264,0.849
"1161",5136,5288,0.866
"1162",5138,5137,0.88
"1163",5137,5388,0.868
"1164",5137,5451,0.871
"1165",5139,5183,0.865
"1166",5139,5233,0.864
"1167",5344,5139,0.847
"1168",5140,5466,0.848
"1169",5141,5408,0.861
"1170",5142,5466,0.868
"1171",5143,5216,0.866
"1172",5428,5143,0.85
"1173",5428,5143,0.866
"1174",5144,5314,0.868
"1175",5389,5144,0.87
"1176",5145,5251,0.879
"1177",5145,5251,0.865
"1178",5145,5323,0.873
"1179",5145,5323,0.854
"1180",5145,5323,0.863
"1181",5146,5149,0.887
"1182",5146,5152,0.876
"1183",5146,5152,0.859
"1184",5336,5146,0.865
"1185",5336,5146,0.866
"1186",5336,5146,0.861
"1187",5146,5412,0.876
"1188",5147,5188,0.864
"1189",5147,5224,0.864
"1190",5148,5335,0.857
"1191",5148,5457,0.874
"1192",5463,5148,0.853
"1193",5294,5149,0.845
"1194",5149,5309,0.865
"1195",5197,5150,0.869
"1196",5150,5432,0.863
"1197",5154,5151,0.852
"1198",5191,5151,0.863
"1199",5407,5151,0.848
"1200",5181,5152,0.857
"1201",5181,5152,0.86
"1202",5205,5153,0.871
"1203",5205,5153,0.869
"1204",5154,5247,0.876
"1205",5290,5154,0.864
"1206",5456,5156,0.841
"1207",5157,5194,0.859
"1208",5333,5157,0.876
"1209",5333,5157,0.883
"1210",5316,5158,0.865
"1211",5316,5158,0.845
"1212",5374,5158,0.848
"1213",5374,5158,0.879
"1214",5271,5159,0.835
"1215",5165,5160,0.847
"1216",5161,5181,0.853
"1217",5161,5272,0.856
"1218",5316,5161,0.852
"1219",5161,5356,0.857
"1220",5162,5211,0.877
"1221",5162,5437,0.87
"1222",5163,5235,0.855
"1223",5165,5164,0.859
"1224",5166,5164,0.853573
"1225",5167,5164,0.861569
"1226",5164,5204,0.878
"1227",5164,5464,0.853
"1228",5175,5165,0.856
"1229",5175,5165,0.862
"1230",5175,5165,0.867
"1231",5168,5203,0.868
"1232",5168,5245,0.871
"1233",5168,5311,0.873
"1234",5170,5169,0.8445775
"1235",5471,5169,0.884
"1236",5171,5174,0.873
"1237",5306,5172,0.858
"1238",5430,5172,0.857
"1239",5173,5203,0.881
"1240",5474,5174,0.863
"1241",5195,5175,0.862
"1242",5175,5370,0.858
"1243",5175,5370,0.857
"1244",5177,5186,0.84
"1245",5177,5186,0.841
"1246",5177,5287,0.87
"1247",5258,5178,0.86
"1248",5308,5178,0.853
"1249",5178,5354,0.861
"1250",5180,5179,0.856
"1251",5358,5179,0.866
"1252",5179,5380,0.839
"1253",5179,8043,0.869
"1254",5179,8057,0.87
"1255",5180,5485,0.853
"1256",5182,5314,0.884
"1257",5183,5224,0.864
"1258",5184,5373,0.86
"1259",5387,5184,0.867
"1260",5185,5218,0.867
"1261",5434,5185,0.857
"1262",5434,5185,0.863
"1263",5186,5355,0.852
"1264",5186,5355,0.871
"1265",5188,5203,0.887
"1266",5188,5234,0.867
"1267",5188,5253,0.854
"1268",5189,5230,0.864
"1269",5189,5272,0.863
"1270",5189,5352,0.849
"1271",5189,5352,0.859
"1272",5190,5255,0.863
"1273",5190,5264,0.854
"1274",5190,5430,0.849
"1275",5191,5407,0.859
"1276",5193,5192,0.869
"1277",5192,5279,0.879
"1278",6316,5193,0.864
"1279",5194,5330,0.857
"1280",5194,5376,0.874
"1281",5194,5462,0.868
"1282",5197,5196,0.859
"1283",5198,5196,0.8445775
"1284",5196,5204,0.869
"1285",5337,5197,0.871
"1286",5199,5375,0.868
"1287",5199,5438,0.85
"1288",5255,5200,0.864
"1289",5276,5201,0.857
"1290",5327,5201,0.865
"1291",5202,5381,0.871
"1292",5426,5202,0.846
"1293",5205,5204,0.859
"1294",5206,5204,0.8825585
"1295",5207,5204,0.875562
"1296",5208,5204,0.8665665
"1297",5361,5204,0.867
"1298",5204,5413,0.873
"1299",5209,5246,0.871
"1300",5247,5209,0.846
"1301",5210,5233,0.856
"1302",5210,5428,0.867
"1303",5211,5275,0.863
"1304",5211,5327,0.863
"1305",5212,5256,0.895
"1306",5333,5212,0.872
"1307",5213,5250,0.868
"1308",5214,5229,0.866
"1309",5468,5214,0.872
"1310",5215,5277,0.874
"1311",5216,5442,0.867
"1312",5216,5443,0.887
"1313",5217,5310,0.862
"1314",5217,5310,0.867
"1315",5217,5433,0.86
"1316",5483,5217,0.855
"1317",5483,5217,0.889
"1318",5219,5371,0.866
"1319",5221,5411,0.874
"1320",5222,5426,0.876
"1321",5222,5426,0.851
"1322",5223,5275,0.863
"1323",5307,5224,0.848
"1324",5225,5259,0.871
"1325",5421,5225,0.839
"1326",5227,5354,0.863
"1327",5313,5228,0.862
"1328",5313,5228,0.861
"1329",5313,5228,0.867
"1330",5349,5228,0.869
"1331",5229,5309,0.85
"1332",5230,5478,0.84
"1333",5286,5231,0.862
"1334",5232,5251,0.871
"1335",5440,5232,0.863
"1336",5232,5442,0.854
"1337",5233,5339,0.866
"1338",5234,5296,0.87
"1339",5234,5296,0.854
"1340",5235,5271,0.839
"1341",5411,5235,0.862
"1342",5237,5236,0.843
"1343",5238,5236,0.8745625
"1344",5236,5394,0.865
"1345",5240,5239,0.876
"1346",5243,5239,0.837581
"1347",5451,5239,0.848
"1348",5239,6210,0.861
"1349",5241,5240,0.856
"1350",5242,5241,0.8785605
"1351",5244,5306,0.867
"1352",5244,5442,0.879
"1353",5245,5254,0.863
"1354",5245,5339,0.877
"1355",5261,5246,0.841
"1356",5248,5428,0.864
"1357",5248,5457,0.891
"1358",5248,5483,0.85
"1359",5292,5249,0.866
"1360",5292,5249,0.861
"1361",5250,5385,0.876
"1362",5250,5385,0.869
"1363",5250,5385,0.88
"1364",5250,5385,0.863
"1365",5251,5478,0.874
"1366",5251,5478,0.859
"1367",5252,5340,0.853
"1368",5252,5436,0.85
"1369",5370,5253,0.849
"1370",5370,5253,0.866
"1371",5254,5332,0.862
"1372",5254,5420,0.86
"1373",5254,5420,0.86
"1374",5254,5457,0.868
"1375",5257,5256,0.85
"1376",5256,5427,0.873
"1377",5439,5256,0.859
"1378",5308,5258,0.854
"1379",5259,5412,0.853
"1380",5261,5260,0.865
"1381",5262,5260,0.8485755
"1382",5263,5260,0.8545725
"1383",5317,5260,0.876
"1384",5264,5471,0.859
"1385",5483,5265,0.888
"1386",5483,5265,0.858
"1387",5483,5265,0.862
"1388",5287,5266,0.851
"1389",5267,5466,0.857
"1390",5470,5267,0.86
"1391",5268,5288,0.851
"1392",5427,5269,0.863
"1393",5445,5269,0.871
"1394",5445,5269,0.853
"1395",5270,5389,0.849
"1396",5270,5437,0.884
"1397",5270,5474,0.853
"1398",5271,5390,0.858
"1399",5467,5272,0.869
"1400",5273,5339,0.861
"1401",5273,5422,0.857
"1402",5274,5329,0.872
"1403",5274,5374,0.861
"1404",5275,5476,0.866
"1405",5359,5276,0.857
"1406",5277,5315,0.875
"1407",5280,5278,0.856
"1408",5390,5278,0.859
"1409",5280,5279,0.866
"1410",5281,5279,0.851574
"1411",5282,5279,0.869565
"1412",5283,5279,0.855572
"1413",5279,5358,0.87
"1414",5280,5461,0.848
"1415",5284,5454,0.876
"1416",5289,5436,0.857
"1417",5289,5436,0.879
"1418",5290,5345,0.86
"1419",5291,5292,0.863
"1420",5429,5291,0.874
"1421",5291,5438,0.872
"1422",5292,5312,0.862
"1423",5293,5338,0.864
"1424",5293,5338,0.841
"1425",5293,5402,0.872
"1426",5293,5402,0.879
"1427",5296,5295,0.865
"1428",5297,5295,0.871564
"1429",5298,5295,0.855572
"1430",5299,5295,0.8665665
"1431",5300,5295,0.851574
"1432",5301,5295,0.8445775
"1433",5302,5295,0.847576
"1434",5303,5295,0.855572
"1435",5304,5295,0.851
"1436",5295,5444,0.869
"1437",5296,5400,0.863
"1438",5305,5304,0.873
"1439",5307,5341,0.847
"1440",5307,5341,0.86
"1441",5351,5308,0.866
"1442",5351,5308,0.865
"1443",5310,5339,0.856
"1444",5310,5379,0.869
"1445",5310,5438,0.85
"1446",5316,5354,0.861
"1447",5318,5317,0.853
"1448",5319,5317,0.8645675
"1449",5320,5317,0.863568
"1450",5321,5317,0.849575
"1451",5388,5317,0.859
"1452",5401,5317,0.875
"1453",5401,5317,0.88
"1454",5473,5318,0.872
"1455",5473,5318,0.865
"1456",5323,5322,0.861
"1457",5323,5322,0.868
"1458",5324,5322,0.8505745
"1459",5325,5322,0.855572
"1460",5326,5322,0.8665665
"1461",5322,5384,0.868
"1462",5448,5322,0.862
"1463",5376,5323,0.871
"1464",5376,5323,0.85
"1465",5323,5425,0.861
"1466",5323,5425,0.859
"1467",5446,5328,0.874
"1468",5330,5433,0.862
"1469",5400,5331,0.866
"1470",5450,5331,0.854
"1471",5429,5332,0.867
"1472",5427,5333,0.876
"1473",5427,5333,0.866
"1474",5334,5484,0.88
"1475",5335,5372,0.871
"1476",5335,5425,0.864
"1477",5351,5336,0.861
"1478",5351,5336,0.885
"1479",5351,5336,0.857
"1480",5481,5338,0.861
"1481",5481,5338,0.87
"1482",5340,5462,0.836
"1483",5340,5467,0.85
"1484",5342,5341,0.8625685
"1485",5343,5341,0.8565715
"1486",5422,5341,0.864
"1487",5422,5341,0.856
"1488",5341,5465,0.863
"1489",5341,5465,0.862
"1490",5341,5465,0.855
"1491",5341,5465,0.849
"1492",5372,5344,0.875
"1493",5344,5482,0.857
"1494",5375,5346,0.858
"1495",5346,5441,0.877
"1496",5346,5441,0.873
"1497",5443,5346,0.876
"1498",5443,5346,0.842
"1499",5348,5355,0.873
"1500",5349,5462,0.861
"1501",5351,5350,0.866
"1502",5351,5350,0.874
"1503",5350,5448,0.861
"1504",5350,5464,0.857
"1505",5351,5431,0.836
"1506",5376,5353,0.866
"1507",5376,5353,0.87
"1508",5353,5468,0.862
"1509",5355,5445,0.848
"1510",5355,5445,0.87
"1511",5386,5356,0.865
"1512",5356,5431,0.844
"1513",5357,5386,0.87
"1514",5359,5358,0.857
"1515",5360,5358,0.8525735
"1516",8155,5358,0.859
"1517",5362,5361,0.886
"1518",5363,5361,0.851574
"1519",5364,5361,0.871564
"1520",5365,5361,0.851574
"1521",5366,5361,0.8585705
"1522",5367,5361,0.867566
"1523",5368,5361,0.877561
"1524",5369,5361,0.855572
"1525",5373,5433,0.85
"1526",5385,5374,0.876
"1527",5385,5374,0.871
"1528",5385,5374,0.861
"1529",5377,5477,0.868
"1530",5470,5378,0.885
"1531",5379,5442,0.868
"1532",5381,5380,0.87
"1533",5382,5380,0.857571
"1534",5383,5380,0.85957
"1535",5380,5384,0.843
"1536",5381,5439,0.866
"1537",5381,5439,0.866
"1538",5385,5384,0.86
"1539",5385,5384,0.852
"1540",5387,5429,0.842
"1541",5469,5387,0.867
"1542",5389,5388,0.855
"1543",5388,8067,0.857
"1544",5389,5393,0.862
"1545",5391,5390,0.842
"1546",5390,5458,0.843
"1547",5392,5391,0.8545725
"1548",5459,5391,0.855
"1549",5395,5394,0.843
"1550",5399,5394,0.863568
"1551",5396,5395,0.846
"1552",5397,5396,0.865
"1553",5398,5397,0.857571
"1554",5402,5401,0.889
"1555",5403,5401,0.855572
"1556",5404,5401,0.851574
"1557",5405,5401,0.873563
"1558",5406,5401,0.863568
"1559",5407,5470,0.879
"1560",5408,5421,0.865
"1561",5409,5447,0.875
"1562",5411,5410,0.858
"1563",5410,5451,0.858
"1564",5411,5477,0.872
"1565",6316,5411,0.868
"1566",5414,5413,0.865
"1567",5415,5413,0.857571
"1568",5416,5413,0.853573
"1569",5417,5413,0.8505745
"1570",5418,5413,0.8725635
"1571",5419,5413,0.881559
"1572",5414,5471,0.859
"1573",5423,5422,0.8525735
"1574",5424,5422,0.8865565
"1575",5432,5430,0.865
"1576",5435,5471,0.881
"1577",5443,5469,0.873
"1578",5445,5444,0.863
"1579",5470,5446,0.857
"1580",5449,5448,0.868
"1581",5448,5479,0.858
"1582",5452,5451,0.846
"1583",5459,5458,0.861
"1584",5460,5459,0.857571
"1585",6140,5459,0.87
"1586",5459,6325,0.845
"1587",5463,5478,0.846
"1588",5465,5464,0.854
"1589",5467,5482,0.864
"1590",5480,5479,0.844
"1591",6001,6281,0.879
"1592",6001,6283,0.872
"1593",6001,6312,0.856
"1594",6002,6060,0.844
"1595",6002,6291,0.855
"1596",6002,6291,0.862
"1597",6002,6332,0.844
"1598",6004,6003,0.87
"1599",6006,6003,0.8505745
"1600",6007,6003,0.837581
"1601",6008,6003,0.8645675
"1602",6009,6003,0.847576
"1603",6010,6003,0.851574
"1604",6003,6107,0.855
"1605",6292,6003,0.864
"1606",6005,6004,0.845
"1607",6005,6004,0.868
"1608",6102,6004,0.873
"1609",6012,6005,0.873
"1610",6012,6005,0.87
"1611",6005,6117,0.862
"1612",6005,6117,0.87
"1613",6011,6068,0.855
"1614",6163,6011,0.848
"1615",6027,6012,0.868
"1616",6027,6012,0.872
"1617",6026,6013,0.863
"1618",6013,6128,0.857
"1619",6013,6168,0.865
"1620",6013,6225,0.874
"1621",6014,6096,0.862
"1622",6133,6014,0.855
"1623",6014,6139,0.872
"1624",6015,6112,0.869
"1625",6236,6015,0.889
"1626",6016,6168,0.877
"1627",6016,6168,0.862
"1628",6199,6016,0.872
"1629",6199,6016,0.858
"1630",6199,6016,0.882
"1631",6016,6356,0.877
"1632",6068,6017,0.851
"1633",6068,6017,0.854
"1634",6068,6017,0.863
"1635",6017,6159,0.849
"1636",6017,6159,0.853
"1637",6017,6159,0.86
"1638",6160,6018,0.85
"1639",6160,6018,0.862
"1640",6160,6018,0.873
"1641",6018,6256,0.865
"1642",6018,6256,0.854
"1643",6018,6256,0.849
"1644",6040,6019,0.87
"1645",6040,6019,0.838
"1646",6040,6019,0.87
"1647",6019,6113,0.853
"1648",6019,6113,0.862
"1649",6019,6306,0.857
"1650",6019,6313,0.87
"1651",6019,6313,0.835
"1652",6020,6212,0.851
"1653",6020,6252,0.852
"1654",6022,6021,0.877
"1655",6118,6021,0.849
"1656",6021,6210,0.854
"1657",6023,6022,0.863
"1658",6315,6022,0.852
"1659",6022,6350,0.86
"1660",6120,6023,0.868
"1661",6023,6262,0.845
"1662",6023,6262,0.868
"1663",6024,6181,0.843
"1664",6024,6219,0.856
"1665",6024,6330,0.866
"1666",6025,6060,0.876
"1667",6121,6025,0.876
"1668",6025,6337,0.867
"1669",6025,6337,0.88
"1670",6352,6025,0.85
"1671",6026,6182,0.873
"1672",6236,6026,0.859
"1673",6236,6026,0.867
"1674",6027,6181,0.852
"1675",6126,6028,0.87
"1676",6126,6028,0.862
"1677",6028,6223,0.878
"1678",6028,6223,0.864
"1679",6028,6289,0.874
"1680",6029,6221,0.859
"1681",6329,6029,0.848
"1682",6031,6030,0.849
"1683",6030,6172,0.841
"1684",6030,6188,0.854
"1685",6030,7274,0.854
"1686",6173,6031,0.863
"1687",6032,6207,0.883
"1688",6217,6032,0.86
"1689",6034,6033,0.869
"1690",6107,6033,0.866
"1691",6033,6342,0.856
"1692",6035,6034,0.869
"1693",6035,6034,0.874
"1694",6108,6034,0.856
"1695",6034,6119,0.86
"1696",6034,6255,0.843
"1697",6034,6343,0.865
"1698",6061,6035,0.868
"1699",6061,6035,0.848
"1700",6123,6035,0.862
"1701",6123,6035,0.876
"1702",6035,6306,0.861
"1703",6037,6036,0.875
"1704",6037,6036,0.864
"1705",6037,6036,0.871
"1706",6036,6067,0.847
"1707",6036,6142,0.871
"1708",6036,6142,0.856
"1709",6287,6036,0.841
"1710",6036,6334,0.865
"1711",6094,6037,0.857
"1712",6094,6037,0.866
"1713",6220,6037,0.876
"1714",6220,6037,0.869
"1715",6220,6037,0.87
"1716",6039,6038,0.877
"1717",6041,6038,0.8485755
"1718",6042,6038,0.865567
"1719",6038,6066,0.859
"1720",6254,6038,0.855
"1721",6349,6038,0.872
"1722",6040,6039,0.863
"1723",6040,6039,0.844
"1724",6222,6039,0.856
"1725",6040,6224,0.842
"1726",6043,6236,0.869
"1727",6043,6236,0.876
"1728",6335,6043,0.847
"1729",6335,6043,0.868
"1730",6044,6203,0.862
"1731",6204,6044,0.861
"1732",6044,6284,0.865
"1733",6044,6323,0.861
"1734",6044,6323,0.871
"1735",6046,6045,0.882
"1736",6048,6045,0.8345825
"1737",6049,6045,0.8485755
"1738",6050,6045,0.8465765
"1739",6051,6045,0.85957
"1740",6052,6045,0.8725635
"1741",6053,6045,0.8525735
"1742",6054,6045,0.861569
"1743",6066,6045,0.865
"1744",6210,6045,0.872
"1745",6045,6234,0.851
"1746",6047,6046,0.875
"1747",6047,6046,0.863
"1748",6198,6046,0.869
"1749",6046,6285,0.854
"1750",6047,6150,0.88
"1751",6047,6150,0.858
"1752",6291,6047,0.858
"1753",6291,6047,0.86
"1754",6226,6055,0.863
"1755",6055,6286,0.883
"1756",6057,6056,0.871
"1757",6056,6066,0.871
"1758",6161,6056,0.869
"1759",6298,6056,0.863
"1760",6058,6057,0.85
"1761",6058,6057,0.845
"1762",6067,6057,0.844
"1763",6057,6177,0.856
"1764",6058,6124,0.879
"1765",6058,6124,0.877
"1766",6058,6124,0.869
"1767",6300,6058,0.858
"1768",6357,6059,0.849
"1769",6060,6157,0.858
"1770",6314,6060,0.871
"1771",6061,6219,0.871
"1772",6061,6224,0.849
"1773",6063,6062,0.865
"1774",6075,6062,0.815
"1775",7199,6062,0.52
"1776",6064,6063,0.852
"1777",6063,6192,0.852
"1778",8094,6063,0.856
"1779",6064,6341,0.872
"1780",6065,6262,0.892
"1781",6067,6066,0.886
"1782",6069,6066,0.8805595
"1783",6070,6066,0.869565
"1784",6071,6066,0.8585705
"1785",6072,6066,0.8625685
"1786",6073,6066,0.855572
"1787",6074,6066,0.8585705
"1788",6068,6067,0.86
"1789",6068,6067,0.879
"1790",6279,6067,0.849
"1791",6076,6075,0.849
"1792",6078,6075,0.875562
"1793",6079,6075,0.873563
"1794",6080,6075,0.8585705
"1795",6075,6101,0.837
"1796",7018,6075,0.838
"1797",6077,6076,0.869
"1798",6102,6076,0.858
"1799",6188,6076,0.848
"1800",6077,6135,0.854
"1801",6077,6311,0.867
"1802",6082,6081,0.8625685
"1803",6083,6081,0.8465765
"1804",6081,6156,0.851
"1805",6212,6081,0.874
"1806",6085,6084,0.855572
"1807",6086,6084,0.861569
"1808",6087,6084,0.869565
"1809",6088,6084,0.863568
"1810",6089,6084,0.871564
"1811",6090,6084,0.869565
"1812",6084,6136,0.874
"1813",6084,6355,0.876
"1814",6091,6176,0.865
"1815",6251,6091,0.868
"1816",6265,6092,0.865
"1817",6092,6340,0.866
"1818",6094,6093,0.865
"1819",6093,6191,0.875
"1820",6094,6352,0.885
"1821",6094,6352,0.873
"1822",6116,6095,0.873
"1823",6095,6353,0.854
"1824",6095,6353,0.857
"1825",6095,6358,0.871
"1826",6196,6096,0.853
"1827",6096,6202,0.863
"1828",6096,6340,0.866
"1829",6097,6220,0.845
"1830",6097,6220,0.866
"1831",6097,6225,0.866
"1832",6098,6123,0.852
"1833",6098,6123,0.849
"1834",6098,6208,0.863
"1835",6098,6289,0.851
"1836",6099,6204,0.866
"1837",6099,6225,0.881
"1838",6099,6310,0.859
"1839",6100,6128,0.879
"1840",6180,6100,0.86
"1841",6283,6100,0.866
"1842",6102,6101,0.872
"1843",6104,6101,0.8425785
"1844",6105,6101,0.853573
"1845",6106,6101,0.8685655
"1846",6103,6102,0.858
"1847",6103,6117,0.885
"1848",6103,6117,0.864
"1849",6103,6183,0.86
"1850",6108,6107,0.858
"1851",6110,6107,0.8785605
"1852",6111,6107,0.8385805
"1853",6107,8082,0.863
"1854",6109,6108,0.865
"1855",6108,6192,0.844
"1856",6338,6109,0.871
"1857",6113,6175,0.878
"1858",6113,6175,0.881
"1859",6113,6345,0.854
"1860",6114,6204,0.862
"1861",6114,6261,0.859
"1862",6159,6115,0.873
"1863",6159,6115,0.87
"1864",6115,6191,0.857
"1865",6115,6225,0.868
"1866",6115,6250,0.854
"1867",6181,6116,0.876
"1868",6119,6118,0.87
"1869",6118,6349,0.866
"1870",6120,6119,0.859
"1871",6120,6119,0.875
"1872",6119,6354,0.863
"1873",6290,6120,0.852
"1874",6290,6120,0.869
"1875",6121,6174,0.859
"1876",6121,6179,0.866
"1877",6220,6121,0.894
"1878",6220,6121,0.863
"1879",6122,6327,0.853
"1880",7337,6122,0.887
"1881",6233,6123,0.856
"1882",6124,6131,0.873
"1883",6191,6124,0.845
"1884",6124,6314,0.865
"1885",6180,6125,0.875
"1886",6125,6322,0.88
"1887",6126,6130,0.852
"1888",6126,6176,0.857
"1889",6126,6176,0.864
"1890",6126,6313,0.876
"1891",6127,6237,0.855
"1892",6338,6127,0.855
"1893",6127,8102,0.886
"1894",6128,6276,0.862
"1895",6129,6309,0.873
"1896",6129,6336,0.852
"1897",6130,6230,0.877
"1898",6130,6231,0.86
"1899",6131,6251,0.85
"1900",6132,6137,0.866
"1901",6175,6132,0.871
"1902",6190,6133,0.847
"1903",6134,6140,0.848
"1904",6134,6358,0.886
"1905",6195,6135,0.853
"1906",6358,6136,0.871
"1907",6137,6184,0.86
"1908",6137,6217,0.862
"1909",6157,6138,0.873
"1910",6138,6286,0.846
"1911",6139,6339,0.865
"1912",6142,6141,0.857
"1913",6142,6141,0.862
"1914",6144,6141,0.8705645
"1915",6145,6141,0.8585705
"1916",6146,6141,0.857571
"1917",6147,6141,0.8625685
"1918",6148,6141,0.85957
"1919",6149,6141,0.863568
"1920",6141,6161,0.862
"1921",6141,6197,0.876
"1922",6239,6141,0.866
"1923",6143,6142,0.853
"1924",6143,6142,0.867
"1925",6143,6142,0.873
"1926",6142,6162,0.878
"1927",6143,6284,0.863
"1928",6143,6284,0.871
"1929",6312,6143,0.856
"1930",6312,6143,0.862
"1931",6312,6143,0.877
"1932",6312,6143,0.869
"1933",6150,6356,0.856
"1934",6150,6356,0.855
"1935",6190,6151,0.864
"1936",6151,6311,0.862
"1937",6327,6151,0.862
"1938",6153,6152,0.841
"1939",6152,6177,0.868
"1940",6152,6198,0.86
"1941",6241,6153,0.878
"1942",6241,6153,0.874
"1943",6153,6324,0.873
"1944",6153,6324,0.858
"1945",6176,6154,0.859
"1946",6252,6154,0.871
"1947",6155,6284,0.852
"1948",6156,6282,0.855
"1949",6158,6341,0.845
"1950",8104,6158,0.861
"1951",6281,6159,0.863
"1952",6160,6175,0.875
"1953",6160,6175,0.875
"1954",6160,6233,0.866
"1955",6160,6330,0.852
"1956",6162,6161,0.865
"1957",6164,6161,0.8805595
"1958",6165,6161,0.8625685
"1959",6166,6161,0.8445775
"1960",6167,6161,0.871564
"1961",6161,7018,0.861
"1962",6163,6162,0.85
"1963",6162,6277,0.85
"1964",6279,6162,0.86
"1965",6280,6163,0.857
"1966",6168,6209,0.854
"1967",6168,6261,0.869
"1968",6170,6169,0.873
"1969",6169,6239,0.854
"1970",6171,6170,0.863
"1971",6170,6235,0.873
"1972",6308,6170,0.865
"1973",6170,6334,0.856
"1974",6236,6171,0.869
"1975",6173,6172,0.875
"1976",6173,6265,0.87
"1977",7020,6173,0.853
"1978",6174,6203,0.867
"1979",6174,6250,0.86
"1980",6174,6320,0.878
"1981",6174,6320,0.867
"1982",6175,6194,0.857
"1983",6175,6289,0.871
"1984",6230,6176,0.868
"1985",6178,6177,0.839
"1986",6178,6177,0.853
"1987",6235,6177,0.863
"1988",6177,6287,0.858
"1989",6177,6299,0.872
"1990",6177,6308,0.864
"1991",6334,6177,0.873
"1992",6178,6209,0.86
"1993",6332,6178,0.867
"1994",6291,6179,0.846
"1995",6182,6201,0.848
"1996",6183,6206,0.854
"1997",6184,6185,0.864
"1998",6184,6205,0.846
"1999",6184,6219,0.853
"2000",6185,6313,0.856
"2001",6186,6187,0.862
"2002",6186,6187,0.853
"2003",6186,6351,0.866
"2004",6186,6351,0.875
"2005",6187,6219,0.862
"2006",6187,6289,0.857
"2007",6189,6188,0.879
"2008",6188,7305,0.881
"2009",6327,6189,0.857
"2010",6193,6192,0.864
"2011",6193,6206,0.856
"2012",6193,6326,0.873
"2013",6196,6194,0.866
"2014",6194,6231,0.859
"2015",6232,6194,0.874
"2016",6195,7314,0.872
"2017",6198,6197,0.875
"2018",6197,6234,0.867
"2019",6197,6333,0.847
"2020",6199,6198,0.855
"2021",6199,6198,0.842
"2022",6199,6198,0.869
"2023",6287,6198,0.863
"2024",6337,6199,0.864
"2025",6337,6199,0.864
"2026",6200,6225,0.86
"2027",6200,6275,0.869
"2028",6200,6284,0.862
"2029",6201,6203,0.864
"2030",6201,6356,0.866
"2031",6280,6202,0.863
"2032",6340,6202,0.867
"2033",6204,6337,0.87
"2034",6205,6223,0.866
"2035",6205,6223,0.86
"2036",6207,6282,0.877
"2037",6207,6313,0.862
"2038",6331,6208,0.861
"2039",6331,6208,0.854
"2040",6208,6353,0.846
"2041",6309,6209,0.849
"2042",6211,6210,0.856
"2043",6213,6210,0.847576
"2044",6214,6210,0.8705645
"2045",6215,6210,0.861569
"2046",6216,6210,0.845577
"2047",6210,6292,0.859
"2048",6212,6211,0.855
"2049",6211,6359,0.856
"2050",6218,6231,0.864
"2051",6278,6218,0.859
"2052",6219,6345,0.881
"2053",6221,6322,0.858
"2054",6223,6222,0.878
"2055",6223,6222,0.873
"2056",6223,6222,0.875
"2057",6222,6229,0.852
"2058",6255,6222,0.873
"2059",6222,6293,0.877
"2060",6222,6354,0.855
"2061",6227,6223,0.872
"2062",6227,6223,0.866
"2063",6224,6331,0.858
"2064",6225,6307,0.849
"2065",6227,6238,0.886
"2066",6227,6238,0.844
"2067",6227,6330,0.844
"2068",6229,6228,0.855
"2069",6298,6228,0.857
"2070",6230,6229,0.849
"2071",6230,6229,0.882
"2072",6277,6229,0.879
"2073",6230,6278,0.859
"2074",6232,6294,0.855
"2075",6232,6294,0.87
"2076",6235,6234,0.864
"2077",6236,6235,0.87
"2078",6236,6235,0.853
"2079",6325,6237,0.864
"2080",6237,8102,0.859
"2081",6238,6345,0.862
"2082",6240,6239,0.868
"2083",6242,6239,0.8545725
"2084",6243,6239,0.847576
"2085",6244,6239,0.867566
"2086",6245,6239,0.8545725
"2087",6246,6239,0.85957
"2088",6247,6239,0.8645675
"2089",6248,6239,0.8605695
"2090",6249,6239,0.8725635
"2091",6239,7414,0.873
"2092",6241,6240,0.868
"2093",6241,6240,0.862
"2094",6240,6287,0.867
"2095",6240,6321,0.867
"2096",6253,6329,0.871
"2097",6255,6254,0.867
"2098",6257,6254,0.8765615
"2099",6258,6254,0.869565
"2100",6259,6254,0.849575
"2101",6260,6254,0.8645675
"2102",6292,6254,0.841
"2103",6256,6255,0.85
"2104",6256,6255,0.874
"2105",6262,6319,0.853
"2106",6264,6263,0.871
"2107",6321,6263,0.853
"2108",6263,7274,0.852
"2109",6266,6265,0.863568
"2110",6267,6265,0.8565715
"2111",6268,6265,0.869565
"2112",6269,6265,0.871564
"2113",6270,6265,0.8765615
"2114",6271,6265,0.869565
"2115",6272,6265,0.8825585
"2116",6273,6265,0.849575
"2117",6274,6265,0.873563
"2118",6275,6324,0.848
"2119",6275,6324,0.864
"2120",6278,6277,0.861
"2121",6280,6279,0.84
"2122",6279,6299,0.849
"2123",6286,6285,0.853
"2124",6328,6286,0.865
"2125",6288,6287,0.874
"2126",6288,6287,0.867
"2127",6288,6307,0.873
"2128",6288,6307,0.878
"2129",6288,6323,0.859
"2130",6288,6323,0.875
"2131",6290,6331,0.875
"2132",6290,6331,0.865
"2133",6293,6292,0.868
"2134",6295,6292,0.873563
"2135",6296,6292,0.8665665
"2136",6297,6292,0.8725635
"2137",6294,6293,0.849
"2138",6294,6339,0.866
"2139",6299,6298,0.866
"2140",6301,6298,0.881559
"2141",6302,6298,0.8565715
"2142",6303,6298,0.8445775
"2143",6304,6298,0.865567
"2144",6305,6298,0.893553
"2145",6300,6299,0.857
"2146",6309,6308,0.851
"2147",6310,6312,0.853
"2148",6310,6312,0.881
"2149",6320,6312,0.851
"2150",6320,6312,0.844
"2151",6316,6315,0.892
"2152",6343,6315,0.856
"2153",6317,6316,0.851
"2154",6318,6317,0.867
"2155",6319,6318,0.873
"2156",6324,6320,0.87
"2157",6322,6321,0.858
"2158",8140,6326,0.855
"2159",6336,6328,0.869
"2160",6334,6333,0.846
"2161",6335,6334,0.88
"2162",6341,7202,0.854
"2163",6343,6342,0.846
"2164",6344,6343,0.867
"2165",6344,6343,0.869
"2166",6343,6350,0.865
"2167",6343,6354,0.872
"2168",6344,6353,0.875
"2169",6344,6353,0.879
"2170",6350,6349,0.849
"2171",6351,6350,0.863
"2172",6351,6350,0.855
"2173",6350,6359,0.871
"2174",6355,6354,0.857
"2175",6355,6354,0.855
"2176",6360,6359,0.86
"2177",7044,7001,0.864
"2178",7149,7001,0.863
"2179",7001,7337,0.843
"2180",7003,7002,0.86
"2181",7005,7002,0.849575
"2182",7006,7002,0.873563
"2183",7007,7002,0.877561
"2184",7008,7002,0.85957
"2185",7009,7002,0.873563
"2186",7104,7002,0.864
"2187",7002,7227,0.845
"2188",7366,7002,0.864
"2189",7004,7003,0.853
"2190",7004,7003,0.874
"2191",7004,7003,0.859
"2192",7003,7264,0.848
"2193",7075,7004,0.848
"2194",7075,7004,0.862
"2195",7075,7004,0.862
"2196",7004,7106,0.866
"2197",7004,7106,0.861
"2198",7004,7106,0.87
"2199",7004,7106,0.865
"2200",7004,7345,0.857
"2201",7004,7345,0.875
"2202",7004,7345,0.859
"2203",7010,7182,0.864
"2204",7010,7202,0.863
"2205",7233,7010,0.855
"2206",7254,7011,0.856
"2207",7011,7300,0.869
"2208",7012,7116,0.874
"2209",7343,7012,0.861
"2210",7013,7201,0.875
"2211",7013,7201,0.838
"2212",7013,7425,0.863
"2213",7015,7014,0.8625685
"2214",7014,7100,0.872
"2215",7014,7100,0.864
"2216",7014,7124,0.868
"2217",7014,7217,0.88
"2218",7016,7365,0.847
"2219",7016,7365,0.875
"2220",7016,7365,0.857
"2221",7016,7365,0.854
"2222",7368,7016,0.864
"2223",7368,7016,0.855
"2224",7368,7016,0.856
"2225",7016,7402,0.858
"2226",7016,7402,0.857
"2227",7089,7017,0.869
"2228",7017,7183,0.876
"2229",7017,7229,0.86
"2230",7017,7229,0.855
"2231",7017,7229,0.869
"2232",7017,7241,0.855
"2233",7017,7385,0.855
"2234",7017,7385,0.844
"2235",7019,7018,0.866
"2236",7021,7018,0.857571
"2237",7022,7018,0.851574
"2238",7023,7018,0.8565715
"2239",7024,7018,0.853573
"2240",7025,7018,0.847576
"2241",7042,7018,0.867
"2242",7018,7414,0.845
"2243",7020,7019,0.874
"2244",7043,7019,0.857
"2245",7019,7274,0.866
"2246",7026,7072,0.852
"2247",7026,7072,0.844
"2248",7026,7259,0.877
"2249",7273,7026,0.863
"2250",7273,7026,0.864
"2251",7027,7157,0.865
"2252",7027,7157,0.861
"2253",7027,7234,0.853
"2254",7027,7245,0.863
"2255",7027,7431,0.857
"2256",7147,7028,0.863
"2257",7147,7028,0.862
"2258",7028,7220,0.873
"2259",7028,7240,0.866
"2260",7028,7330,0.865
"2261",7030,7029,0.866
"2262",7031,7029,0.8645675
"2263",7032,7029,0.849575
"2264",7033,7029,0.865567
"2265",7034,7029,0.87956
"2266",7274,7029,0.866
"2267",7029,7407,0.865
"2268",7415,7029,0.865
"2269",7036,7035,0.855
"2270",7040,7035,0.867
"2271",7056,7035,0.856
"2272",7035,7390,0.876
"2273",7035,8031,0.859
"2274",7036,7128,0.868
"2275",7431,7036,0.836
"2276",7431,7036,0.868
"2277",7038,7037,0.871
"2278",7047,7037,0.867
"2279",7037,7428,0.849
"2280",7039,7038,0.86
"2281",7039,7038,0.86
"2282",7126,7038,0.859
"2283",7126,7038,0.863
"2284",7038,7184,0.866
"2285",7409,7038,0.856
"2286",7409,7038,0.846
"2287",7039,7101,0.847
"2288",7039,7101,0.851
"2289",7039,7101,0.848
"2290",7039,7397,0.85
"2291",7041,7040,0.858
"2292",7041,7040,0.864
"2293",7040,7077,0.854
"2294",7040,7077,0.863
"2295",7041,7238,0.857
"2296",7394,7041,0.865
"2297",7394,7041,0.87
"2298",7043,7042,0.862
"2299",7045,7042,0.8605695
"2300",7046,7042,0.83958
"2301",7058,7042,0.848
"2302",7044,7043,0.84
"2303",7044,7416,0.864
"2304",7048,7047,0.843
"2305",7199,7047,0.854
"2306",7049,7048,0.846
"2307",7049,7048,0.859
"2308",7228,7048,0.866
"2309",7342,7048,0.854
"2310",7049,7089,0.867
"2311",7315,7049,0.856
"2312",7315,7049,0.865
"2313",7315,7049,0.874
"2314",7050,7090,0.872
"2315",7050,7090,0.866
"2316",7050,7251,0.875
"2317",7051,7086,0.865
"2318",7051,7181,0.886
"2319",7276,7051,0.867
"2320",7051,7365,0.86
"2321",7051,7365,0.85
"2322",7052,7053,0.836
"2323",7052,7053,0.87
"2324",7052,7053,0.862
"2325",7052,7183,0.844
"2326",7052,7221,0.867
"2327",7256,7052,0.864
"2328",7256,7052,0.852
"2329",7053,7348,0.868
"2330",7053,7348,0.845
"2331",7053,7348,0.864
"2332",7054,7086,0.848
"2333",7243,7054,0.871
"2334",7054,7387,0.876
"2335",7055,7124,0.855
"2336",7055,7124,0.855
"2337",7188,7055,0.846
"2338",7188,7055,0.874
"2339",7188,7055,0.848
"2340",7188,7055,0.88
"2341",7250,7055,0.859
"2342",7250,7055,0.85
"2343",7057,7056,0.862
"2344",7056,7156,0.855
"2345",7056,7160,0.854
"2346",7056,7420,0.857
"2347",7215,7057,0.858
"2348",7215,7057,0.868
"2349",7059,7058,0.869
"2350",7061,7058,0.855572
"2351",7062,7058,0.8525735
"2352",7063,7058,0.8645675
"2353",7064,7058,0.8605695
"2354",7065,7058,0.8725635
"2355",7066,7058,0.869565
"2356",7058,7095,0.879
"2357",7406,7058,0.846
"2358",7060,7059,0.873
"2359",7059,7407,0.869
"2360",7129,7060,0.857
"2361",7067,7245,0.868
"2362",7067,7291,0.863
"2363",7067,7344,0.854
"2364",7069,7068,0.865
"2365",7305,7068,0.868
"2366",7069,7413,0.865
"2367",7070,7100,0.862
"2368",7070,7257,0.885
"2369",7070,7317,0.855
"2370",7070,7398,0.861
"2371",7123,7071,0.859
"2372",7408,7071,0.85
"2373",7072,7084,0.878
"2374",7072,7084,0.86
"2375",7074,7073,0.861
"2376",7171,7073,0.856
"2377",7205,7073,0.868
"2378",7405,7074,0.86
"2379",7075,7387,0.874
"2380",7075,7387,0.869
"2381",7075,7398,0.881
"2382",7075,7398,0.876
"2383",7077,7076,0.865
"2384",7079,7076,0.8745625
"2385",7080,7076,0.8705645
"2386",7081,7076,0.851574
"2387",7082,7076,0.855572
"2388",7204,7076,0.839
"2389",7076,7422,0.848
"2390",7078,7077,0.866
"2391",7077,7282,0.874
"2392",7206,7078,0.859
"2393",7078,7279,0.872
"2394",7078,7279,0.863
"2395",7084,7083,0.858
"2396",7084,7083,0.872
"2397",7083,7105,0.859
"2398",7083,7171,0.862
"2399",7083,7184,0.852
"2400",7083,7264,0.88
"2401",7423,7083,0.874
"2402",7085,7244,0.859
"2403",7085,7244,0.866
"2404",7412,7085,0.866
"2405",7412,7085,0.869
"2406",7086,7222,0.879
"2407",7086,7419,0.873
"2408",7086,7419,0.847
"2409",7087,7127,0.87
"2410",7087,7127,0.857
"2411",7087,7127,0.862
"2412",7087,7127,0.857
"2413",7087,7127,0.863
"2414",7087,7127,0.857
"2415",7087,7127,0.865
"2416",7087,7127,0.875
"2417",7087,7127,0.871
"2418",7087,7221,0.854
"2419",7087,7221,0.851
"2420",7087,7221,0.865
"2421",7087,7336,0.849
"2422",7087,7336,0.872
"2423",7087,7336,0.84
"2424",7087,7336,0.871
"2425",7087,7336,0.861
"2426",7088,7116,0.856
"2427",7088,7147,0.88
"2428",7237,7088,0.861
"2429",7089,7388,0.855
"2430",7089,7427,0.837
"2431",7090,7421,0.865
"2432",7090,7421,0.851
"2433",7091,7226,0.878
"2434",7091,7259,0.849
"2435",7091,7259,0.855
"2436",7091,7418,0.868
"2437",7092,7216,0.865
"2438",7092,7250,0.872
"2439",7092,7258,0.874
"2440",7092,7330,0.865
"2441",7092,7384,0.854
"2442",7221,7093,0.857
"2443",7221,7093,0.871
"2444",7093,7225,0.853
"2445",7241,7093,0.872
"2446",7093,7258,0.88
"2447",7094,7276,0.855
"2448",7094,7388,0.864
"2449",7096,7095,0.879
"2450",7098,7095,0.8485755
"2451",7099,7095,0.8645675
"2452",7304,7095,0.803
"2453",7097,7096,0.865
"2454",7261,7096,0.891
"2455",7097,7153,0.857
"2456",7100,7103,0.865
"2457",7100,7103,0.87
"2458",7100,7144,0.855
"2459",7100,7144,0.877
"2460",7100,7144,0.855
"2461",7100,7144,0.874
"2462",7100,7222,0.843
"2463",7100,7222,0.872
"2464",7101,7183,0.864
"2465",7101,7386,0.878
"2466",7102,7177,0.872
"2467",7102,7177,0.855
"2468",7290,7102,0.862
"2469",7103,7255,0.87
"2470",7103,7381,0.863
"2471",7105,7104,0.872
"2472",7107,7104,0.865567
"2473",7108,7104,0.8665665
"2474",7109,7104,0.853573
"2475",7110,7104,0.841579
"2476",7111,7104,0.867566
"2477",7112,7104,0.8745625
"2478",7113,7104,0.8585705
"2479",7114,7104,0.8785605
"2480",7115,7104,0.8645675
"2481",7130,7104,0.878
"2482",7106,7105,0.848
"2483",7106,7105,0.867
"2484",7105,7187,0.846
"2485",7105,7205,0.867
"2486",7105,7332,0.868
"2487",7116,7340,0.862
"2488",7116,7364,0.863
"2489",7242,7117,0.858
"2490",7242,7117,0.853
"2491",7117,7292,0.845
"2492",7117,7292,0.851
"2493",7117,7395,0.876
"2494",7117,7395,0.858
"2495",7177,7118,0.879
"2496",7177,7118,0.874
"2497",7118,7404,0.857
"2498",7144,7119,0.865
"2499",7144,7119,0.868
"2500",7119,7259,0.841
"2501",7119,7318,0.857
"2502",7121,7120,0.8485755
"2503",7122,7120,0.849575
"2504",7120,7248,0.869
"2505",7120,7396,0.859
"2506",7120,7396,0.843
"2507",7427,7120,0.864
"2508",7427,7120,0.857
"2509",7123,7153,0.851
"2510",7124,7180,0.862
"2511",7126,7125,0.87
"2512",7126,7125,0.871
"2513",7125,7331,0.861
"2514",7346,7125,0.866
"2515",7127,7126,0.861
"2516",7127,7126,0.845
"2517",7127,7126,0.871
"2518",7127,7126,0.86
"2519",7126,7305,0.864
"2520",7126,7332,0.869
"2521",7126,7423,0.865
"2522",7391,7128,0.865
"2523",7277,7129,0.849
"2524",7303,7129,0.863
"2525",7131,7130,0.862
"2526",7133,7130,0.8545725
"2527",7134,7130,0.8685655
"2528",7135,7130,0.845577
"2529",7136,7130,0.8485755
"2530",7137,7130,0.873563
"2531",7138,7130,0.8645675
"2532",7139,7130,0.8505745
"2533",7140,7130,0.869565
"2534",7141,7130,0.853573
"2535",7142,7130,0.8705645
"2536",7263,7130,0.854
"2537",7132,7131,0.874
"2538",7132,7131,0.882
"2539",7131,7160,0.87
"2540",7131,7278,0.897
"2541",7131,7401,0.865
"2542",7132,7283,0.878
"2543",7419,7132,0.857
"2544",7419,7132,0.869
"2545",7419,7132,0.85
"2546",7143,7173,0.844
"2547",7234,7143,0.865
"2548",7143,7238,0.868
"2549",7300,7143,0.873
"2550",7144,7272,0.84
"2551",7144,7272,0.869
"2552",7333,7144,0.866
"2553",7333,7144,0.86
"2554",7333,7144,0.873
"2555",7333,7144,0.849
"2556",7333,7144,0.873
"2557",7333,7144,0.842
"2558",7146,7145,0.8645675
"2559",7145,7234,0.88
"2560",7145,7243,0.869
"2561",7381,7145,0.873
"2562",7145,7404,0.864
"2563",7336,7147,0.872
"2564",7336,7147,0.843
"2565",7336,7147,0.851
"2566",7336,7147,0.876
"2567",7386,7147,0.875
"2568",7386,7147,0.874
"2569",7178,7148,0.858
"2570",7178,7148,0.848
"2571",7148,7245,0.854
"2572",7148,7298,0.875
"2573",7148,7365,0.87
"2574",7148,7365,0.85
"2575",7149,7408,0.863
"2576",7151,7150,0.861
"2577",7150,7390,0.879
"2578",7150,7390,0.872
"2579",7150,7420,0.866
"2580",8004,7150,0.871
"2581",7151,7254,0.87
"2582",7330,7152,0.851
"2583",7330,7152,0.852
"2584",7152,7399,0.868
"2585",7152,7399,0.887
"2586",7154,7157,0.858
"2587",7154,7157,0.869
"2588",7300,7154,0.867
"2589",7154,7411,0.842
"2590",7155,7258,0.87
"2591",7155,7316,0.877
"2592",7157,7156,0.864
"2593",7157,7156,0.886
"2594",7157,7156,0.842
"2595",7176,7156,0.876
"2596",7156,7367,0.861
"2597",7156,7367,0.872
"2598",7157,7295,0.874
"2599",7157,7295,0.874
"2600",7173,7158,0.872
"2601",7158,7291,0.856
"2602",7158,7394,0.863
"2603",7158,7394,0.853
"2604",7160,7159,0.855
"2605",7162,7159,0.8605695
"2606",7163,7159,0.877561
"2607",7164,7159,0.8585705
"2608",7165,7159,0.853573
"2609",7166,7159,0.869565
"2610",7167,7159,0.85957
"2611",7168,7159,0.8665665
"2612",7169,7159,0.855572
"2613",7170,7159,0.8585705
"2614",7159,7175,0.86
"2615",7199,7159,0.847
"2616",7159,7227,0.849
"2617",7161,7160,0.857
"2618",7161,7160,0.863
"2619",7161,7160,0.854
"2620",7187,7160,0.868
"2621",7161,7292,0.861
"2622",7161,7292,0.859
"2623",7161,7292,0.872
"2624",7161,7292,0.855
"2625",7172,7171,0.886
"2626",7171,7252,0.856
"2627",7232,7172,0.873
"2628",7232,7172,0.863
"2629",7173,7387,0.852
"2630",7174,7231,0.855
"2631",7174,7231,0.869
"2632",7174,7257,0.848
"2633",7301,7174,0.869
"2634",7176,7175,0.875
"2635",7176,7175,0.857
"2636",7175,7389,0.843
"2637",7177,7176,0.868
"2638",7177,7176,0.859
"2639",7177,7176,0.862
"2640",7176,7200,0.856
"2641",7176,7409,0.856
"2642",7319,7177,0.852
"2643",7319,7177,0.87
"2644",7295,7178,0.873
"2645",7178,7404,0.867
"2646",7179,7244,0.886
"2647",7179,7257,0.869
"2648",7179,7336,0.863
"2649",7216,7180,0.846
"2650",7180,7298,0.867
"2651",7180,7298,0.859
"2652",7388,7180,0.872
"2653",7388,7180,0.88
"2654",7180,7399,0.867
"2655",7180,7399,0.877
"2656",7242,7181,0.848
"2657",7385,7181,0.862
"2658",7182,7237,0.877
"2659",7183,7417,0.861
"2660",7185,7184,0.869
"2661",7185,7184,0.874
"2662",7185,7184,0.853
"2663",7347,7184,0.87
"2664",7347,7184,0.869
"2665",7347,7184,0.863
"2666",7383,7185,0.858
"2667",7383,7185,0.872
"2668",7187,7186,0.862
"2669",7187,7186,0.858
"2670",7189,7186,0.8525735
"2671",7190,7186,0.8565715
"2672",7191,7186,0.863568
"2673",7192,7186,0.8485755
"2674",7193,7186,0.8565715
"2675",7194,7186,0.8685655
"2676",7195,7186,0.8645675
"2677",7196,7186,0.865567
"2678",7197,7186,0.8765615
"2679",7186,7341,0.866
"2680",7346,7186,0.88
"2681",7188,7187,0.849
"2682",7188,7187,0.865
"2683",7188,7187,0.86
"2684",7188,7187,0.841
"2685",7187,7401,0.854
"2686",7188,7255,0.872
"2687",7188,7255,0.865
"2688",7188,7255,0.88
"2689",7188,7255,0.864
"2690",7188,7255,0.861
"2691",7188,7255,0.866
"2692",7188,7255,0.88
"2693",7188,7255,0.865
"2694",7198,7201,0.874
"2695",7198,7201,0.853
"2696",7198,7225,0.844
"2697",7200,7199,0.846
"2698",7199,7331,0.87
"2699",7201,7200,0.864
"2700",7201,7200,0.872
"2701",7201,7200,0.858
"2702",7420,7200,0.843
"2703",7203,7247,0.857
"2704",7203,7313,0.879
"2705",7393,7203,0.857
"2706",7426,7203,0.884
"2707",7205,7204,0.86
"2708",7207,7204,0.8625685
"2709",7208,7204,0.8665665
"2710",7209,7204,0.8465765
"2711",7210,7204,0.875562
"2712",7211,7204,0.865567
"2713",7212,7204,0.8545725
"2714",7263,7204,0.875
"2715",7204,7428,0.861
"2716",7206,7205,0.872
"2717",7282,7205,0.871
"2718",7206,7294,0.863
"2719",7213,7273,0.868
"2720",7293,7213,0.877
"2721",7213,7363,0.858
"2722",7214,7257,0.858
"2723",7214,7297,0.857
"2724",7345,7214,0.861
"2725",7345,7214,0.861
"2726",7411,7215,0.861
"2727",7215,7431,0.875
"2728",7216,7382,0.846
"2729",7216,7386,0.846
"2730",7249,7217,0.851
"2731",7217,7276,0.875
"2732",7421,7218,0.874
"2733",7218,8009,0.863
"2734",7230,7219,0.866
"2735",7219,7237,0.852
"2736",7413,7219,0.864
"2737",7413,7219,0.863
"2738",7221,7220,0.859
"2739",7221,7220,0.889
"2740",7220,7396,0.864
"2741",7221,7296,0.85
"2742",7222,7338,0.867
"2743",7222,7362,0.862
"2744",7292,7223,0.86
"2745",7292,7223,0.831
"2746",7223,7404,0.845
"2747",7223,7425,0.857
"2748",7224,7248,0.863
"2749",7384,7224,0.867
"2750",7224,7417,0.855
"2751",7246,7225,0.846
"2752",7225,7395,0.866
"2753",7226,7240,0.871
"2754",7226,7250,0.848
"2755",7226,7272,0.864
"2756",7226,7338,0.852
"2757",7228,7227,0.858
"2758",7227,7422,0.855
"2759",7229,7228,0.858
"2760",7229,7228,0.874
"2761",7229,7228,0.868
"2762",7409,7228,0.867
"2763",7397,7230,0.891
"2764",7265,7231,0.845
"2765",7265,7231,0.852
"2766",7265,7231,0.865
"2767",7265,7231,0.855
"2768",7231,7403,0.858
"2769",7231,7403,0.875
"2770",7273,7232,0.862
"2771",7233,7251,0.859
"2772",7251,7235,0.872
"2773",7235,7315,0.866
"2774",7235,7315,0.889
"2775",7236,7245,0.857
"2776",7236,7292,0.859
"2777",7236,7411,0.862
"2778",7237,7247,0.861
"2779",7238,7392,0.856
"2780",7294,7239,0.856
"2781",7239,7392,0.845
"2782",7241,7362,0.858
"2783",7242,7295,0.842
"2784",7242,7319,0.869
"2785",7242,7319,0.881
"2786",7260,7243,0.87
"2787",7260,7243,0.861
"2788",7244,7272,0.869
"2789",7246,7251,0.855
"2790",7246,7410,0.863
"2791",7246,7410,0.895
"2792",7425,7246,0.868
"2793",7339,7247,0.863
"2794",7362,7248,0.865
"2795",7248,7386,0.865
"2796",7248,7386,0.837
"2797",7249,7255,0.843
"2798",7249,7255,0.85
"2799",7249,7344,0.847
"2800",7249,7344,0.88
"2801",7249,7382,0.87
"2802",7250,7276,0.865
"2803",7250,7276,0.856
"2804",7253,7252,0.847
"2805",7312,7252,0.883
"2806",7327,7252,0.856
"2807",7347,7252,0.867
"2808",7313,7253,0.858
"2809",7253,7412,0.874
"2810",7253,7412,0.87
"2811",7255,7258,0.867
"2812",7255,7258,0.865
"2813",7255,7399,0.864
"2814",7255,7399,0.86
"2815",7255,7399,0.878
"2816",7255,7399,0.857
"2817",7256,7297,0.873
"2818",7257,7317,0.861
"2819",7257,7317,0.844
"2820",7259,7403,0.86
"2821",7259,7403,0.864
"2822",7368,7260,0.847
"2823",7368,7260,0.867
"2824",7368,7260,0.865
"2825",7262,7261,0.895
"2826",7261,7429,0.847
"2827",7262,7302,0.845
"2828",7264,7263,0.871
"2829",7264,7263,0.881
"2830",7266,7263,0.8605695
"2831",7267,7263,0.8785605
"2832",7268,7263,0.865567
"2833",7269,7263,0.861569
"2834",7270,7263,0.8705645
"2835",7265,7264,0.869
"2836",7265,7264,0.862
"2837",7264,7332,0.85
"2838",7315,7271,0.849
"2839",7271,7340,0.873
"2840",7316,7272,0.851
"2841",7273,7405,0.868
"2842",7275,7274,0.886
"2843",7276,7395,0.869
"2844",7277,7337,0.87
"2845",7279,7278,0.858
"2846",7280,7278,0.8665665
"2847",7281,7278,0.8645675
"2848",7367,7278,0.856
"2849",7392,7279,0.87
"2850",7283,7282,0.865
"2851",7284,7282,0.8745625
"2852",7285,7282,0.8645675
"2853",7286,7282,0.8645675
"2854",7287,7282,0.857571
"2855",7288,7282,0.8625685
"2856",7289,7282,0.851574
"2857",7282,7332,0.863
"2858",7282,7367,0.86
"2859",7411,7290,0.873
"2860",7291,7295,0.866
"2861",7424,7293,0.846
"2862",7294,7405,0.848
"2863",7296,7427,0.86
"2864",7316,7297,0.859
"2865",7297,7384,0.856
"2866",7298,7362,0.868
"2867",7298,7395,0.864
"2868",7364,7299,0.86
"2869",7413,7299,0.851
"2870",7301,7318,0.848
"2871",7302,7426,0.876
"2872",7303,7393,0.879
"2873",7305,7304,0.873
"2874",7307,7304,0.8445775
"2875",7308,7304,0.8745625
"2876",7309,7304,0.85957
"2877",7310,7304,0.847576
"2878",7311,7304,0.851574
"2879",7341,7304,0.845
"2880",7306,7305,0.843
"2881",7305,7327,0.868
"2882",7306,7413,0.85
"2883",7306,7413,0.86
"2884",7313,7312,0.87
"2885",7312,7321,0.857
"2886",7312,7429,0.875
"2887",7313,7430,0.853
"2888",7340,7314,0.865
"2889",7316,7383,0.867
"2890",7316,7383,0.875
"2891",7317,7424,0.861
"2892",7317,7424,0.842
"2893",7317,7424,0.862
"2894",7317,7424,0.86
"2895",7318,7382,0.871
"2896",7321,7320,0.868
"2897",7323,7320,0.863568
"2898",7324,7320,0.8665665
"2899",7325,7320,0.8725635
"2900",7326,7320,0.85957
"2901",7320,7422,0.865
"2902",7322,7321,0.845
"2903",7322,7380,0.871
"2904",7328,7327,0.873
"2905",7329,7327,0.873563
"2906",7328,7339,0.847
"2907",7362,7330,0.849
"2908",7332,7331,0.869
"2909",7334,7331,0.8685655
"2910",7335,7331,0.8505745
"2911",7400,7331,0.859
"2912",7333,7332,0.852
"2913",7333,7332,0.887
"2914",7333,7332,0.865
"2915",7401,7332,0.866
"2916",7336,7418,0.872
"2917",7336,7418,0.861
"2918",7345,7338,0.869
"2919",7345,7338,0.85
"2920",7342,7341,0.875
"2921",7343,7342,0.844
"2922",7343,7342,0.88
"2923",7342,7409,0.851
"2924",7342,7409,0.851
"2925",7344,7404,0.872
"2926",7345,7382,0.862
"2927",7345,7382,0.854
"2928",7347,7346,0.87
"2929",7347,7346,0.863
"2930",7349,7346,0.8785605
"2931",7350,7346,0.8505745
"2932",7351,7346,0.867566
"2933",7352,7346,0.8425785
"2934",7353,7346,0.8725635
"2935",7354,7346,0.8585705
"2936",7355,7346,0.865567
"2937",7356,7346,0.8745625
"2938",7357,7346,0.849575
"2939",7358,7346,0.8525735
"2940",7359,7346,0.8505745
"2941",7360,7346,0.8665665
"2942",7361,7346,0.845577
"2943",7348,7347,0.859
"2944",7348,7347,0.872
"2945",7380,7363,0.853
"2946",7365,7381,0.864
"2947",7367,7366,0.864
"2948",7367,7366,0.86
"2949",7369,7366,0.865567
"2950",7370,7366,0.8765615
"2951",7371,7366,0.8425785
"2952",7372,7366,0.849575
"2953",7373,7366,0.8525735
"2954",7374,7366,0.871564
"2955",7375,7366,0.8425785
"2956",7376,7366,0.8765615
"2957",7377,7366,0.8545725
"2958",7378,7366,0.855572
"2959",7379,7366,0.8745625
"2960",7366,7400,0.847
"2961",7368,7367,0.864
"2962",7368,7367,0.872
"2963",7368,7367,0.856
"2964",7385,7404,0.859
"2965",7390,7389,0.865
"2966",8030,7389,0.855
"2967",7391,7390,0.855
"2968",7396,7410,0.844
"2969",7396,7410,0.862
"2970",7396,7410,0.864
"2971",7403,7398,0.87
"2972",7403,7398,0.864
"2973",7399,7417,0.867
"2974",7399,7417,0.872
"2975",7401,7400,0.853
"2976",7402,7401,0.842
"2977",7401,7409,0.868
"2978",7403,7419,0.872
"2979",7403,7419,0.858
"2980",7407,7406,0.835
"2981",7414,7406,0.858
"2982",7408,7407,0.863
"2983",7410,7409,0.881
"2984",7410,7409,0.869
"2985",7410,7409,0.837
"2986",7409,7420,0.87
"2987",7415,7414,0.865
"2988",7416,7415,0.873
"2989",7417,7418,0.864
"2990",7417,7418,0.882
"2991",7421,7420,0.874
"2992",7421,7420,0.868
"2993",7423,7422,0.863
"2994",7424,7423,0.865
"2995",7424,7423,0.875
"2996",7424,7423,0.86
"2997",7429,7428,0.853
"2998",7430,7429,0.856
"2999",7432,8003,0.87
"3000",7432,8037,0.866
"3001",7432,8141,0.865
"3002",8003,8001,0.872
"3003",8010,8001,0.865
"3004",8028,8002,0.89
"3005",8002,8100,0.859
"3006",8005,8004,0.859
"3007",8005,8004,0.868
"3008",8097,8004,0.23
"3009",8005,8023,0.876
"3010",8005,8023,0.86
"3011",8137,8005,0.864
"3012",8006,8007,0.842
"3013",8006,8134,0.861
"3014",8007,8017,0.87
"3015",8008,8053,0.848
"3016",8081,8008,0.845
"3017",8009,8104,0.856
"3018",8086,8010,0.852
"3019",8010,8103,0.875
"3020",8045,8011,0.835
"3021",8045,8011,0.859
"3022",8072,8011,0.85
"3023",8012,8032,0.873
"3024",8104,8012,0.869
"3025",8026,8013,0.855
"3026",8013,8039,0.853
"3027",8013,8136,0.884
"3028",8014,8037,0.872
"3029",8118,8014,0.848
"3030",8111,8015,0.844
"3031",8015,8150,0.881
"3032",8016,8122,0.862
"3033",8016,8152,0.876
"3034",8017,8040,0.861
"3035",8019,8018,0.847
"3036",8019,8018,0.84
"3037",8127,8018,0.852
"3038",8018,8133,0.847
"3039",8019,8052,0.871
"3040",8019,8100,0.863
"3041",8019,8135,0.876
"3042",8019,8135,0.874
"3043",8020,8029,0.863
"3044",8020,8040,0.861
"3045",8020,8153,0.865
"3046",8020,8154,0.857
"3047",8022,8021,0.871
"3048",8021,8041,0.852
"3049",8021,8119,0.872
"3050",8022,8150,0.852
"3051",8024,8023,0.8645675
"3052",8023,8111,0.86
"3053",8023,8111,0.843
"3054",8025,8055,0.873
"3055",8025,8121,0.851
"3056",8025,8151,0.859
"3057",8026,8154,0.881
"3058",8100,8027,0.87
"3059",8027,8134,0.87
"3060",8146,8028,0.871
"3061",8073,8029,0.844
"3062",8031,8030,0.864
"3063",8033,8030,0.887556
"3064",8034,8030,0.8665665
"3065",8035,8030,0.8585705
"3066",8036,8030,0.8605695
"3067",8158,8030,0.853
"3068",8032,8031,0.865
"3069",8143,8032,0.873
"3070",8038,8066,0.853
"3071",8038,8124,0.861
"3072",8039,8081,0.852
"3073",8040,8072,0.873
"3074",8109,8040,0.86
"3075",8041,8063,0.859
"3076",8111,8042,0.873
"3077",8118,8042,0.857
"3078",8044,8043,0.861
"3079",8046,8043,0.863568
"3080",8047,8043,0.8445775
"3081",8048,8043,0.89955
"3082",8049,8043,0.8645675
"3083",8050,8043,0.8685655
"3084",8051,8043,0.8545725
"3085",8043,8067,0.831
"3086",8045,8044,0.866
"3087",8147,8044,0.863
"3088",8045,8091,0.866
"3089",8045,8144,0.868
"3090",8081,8052,0.846
"3091",8053,8065,0.847
"3092",8053,8153,0.843
"3093",8054,8092,0.855
"3094",8132,8054,0.843
"3095",8055,8098,0.875
"3096",8121,8055,0.871
"3097",8056,8089,0.888
"3098",8056,8138,0.857
"3099",8058,8057,0.878
"3100",8060,8057,0.8725635
"3101",8061,8057,0.8565715
"3102",8057,8112,0.867
"3103",8059,8058,0.865
"3104",8058,8068,0.887
"3105",8058,8147,0.87
"3106",8064,8059,0.852
"3107",8062,8098,0.856
"3108",8119,8062,0.853
"3109",8101,8063,0.843
"3110",8063,8125,0.869
"3111",8144,8064,0.856
"3112",8065,8149,0.863
"3113",8065,8149,0.865
"3114",8066,8093,0.88
"3115",8142,8066,0.858
"3116",8068,8067,0.871
"3117",8070,8067,0.857571
"3118",8071,8067,0.8565715
"3119",8069,8068,0.858
"3120",8068,8083,0.862
"3121",8103,8069,0.869
"3122",8073,8108,0.855
"3123",8136,8073,0.844
"3124",8075,8074,0.863
"3125",8075,8074,0.851
"3126",8077,8074,0.8665665
"3127",8078,8074,0.8765615
"3128",8079,8074,0.8765615
"3129",8080,8074,0.861569
"3130",8076,8075,0.863
"3131",8075,8097,0.863
"3132",8119,8076,0.855
"3133",8119,8076,0.879
"3134",8083,8082,0.876
"3135",8087,8082,0.8485755
"3136",8088,8082,0.8525735
"3137",8155,8082,0.856
"3138",8084,8083,0.857
"3139",8085,8084,0.839
"3140",8086,8085,0.84
"3141",8089,8135,0.883
"3142",8089,8135,0.847
"3143",8090,8092,0.851
"3144",8151,8090,0.866
"3145",8091,8109,0.864
"3146",8106,8093,0.833
"3147",8093,8128,0.866
"3148",8095,8094,0.884
"3149",8094,8139,0.868
"3150",8094,8159,0.857
"3151",8095,8140,0.866
"3152",8096,8110,0.89
"3153",8096,8153,0.862
"3154",8098,8097,0.857
"3155",8099,8097,0.8645675
"3156",8097,8113,0.87
"3157",8138,8100,0.866
"3158",8101,8137,0.86
"3159",8102,8157,0.882
"3160",8106,8105,0.846
"3161",8105,8127,0.851
"3162",8142,8106,0.868
"3163",8128,8107,0.855
"3164",8145,8107,0.849
"3165",8153,8108,0.878
"3166",8109,8123,0.85
"3167",8124,8110,0.854
"3168",8111,8125,0.89
"3169",8113,8112,0.868
"3170",8115,8112,0.8565715
"3171",8116,8112,0.873563
"3172",8117,8112,0.8425785
"3173",8114,8113,0.85
"3174",8113,8133,0.864
"3175",8113,8133,0.845
"3176",8121,8114,0.861
"3177",8118,8151,0.866
"3178",8120,8122,0.85
"3179",8120,8140,0.863
"3180",8120,8141,0.859
"3181",8143,8120,0.854
"3182",8149,8123,0.859
"3183",8127,8126,0.88
"3184",8127,8126,0.86
"3185",8129,8126,0.847576
"3186",8130,8126,0.8545725
"3187",8131,8126,0.8585705
"3188",8128,8127,0.864
"3189",8132,8144,0.858
"3190",8134,8133,0.854
"3191",8134,8133,0.838
"3192",8133,8147,0.848
"3193",8154,8135,0.874
"3194",8136,8145,0.853
"3195",8138,8146,0.868
"3196",8140,8139,0.844
"3197",8148,8147,0.863
"3198",8148,8147,0.865
"3199",8149,8148,0.885
"3200",8152,8160,0.879
"3201",8152,8160,0.861
"3202",8156,8155,0.858
"3203",8157,8156,0.856
"3204",8156,8159,0.861
"3205",8159,8158,0.854
"3206",8160,8159,0.86
"3207",8160,8159,0.856
